1 0,-1073741824 -2147483648,-2147483648;1073741824
1 0,-2147483648 -2147483648,1073741824;0
1 0,1073741824 -2147483648,-1073741824;0
1 0,0 -2147483648,-1073741824;-2147483648
1 0,-1073741824 1073741824,1073741824;0
1 0,-2147483648 1073741824,-1073741824;0
1 0,-1073741824 0,-1073741824;0
1 0,-2147483648 0,-1073741824;-2147483648
1 0,1073741824 0,-2147483648;1073741824
1 0,0 0,1073741824;0
1 0,1073741824 1073741824,-1073741824;-2147483648
1 0,0 1073741824,-2147483648;1073741824
1 0,-1073741824 -1073741824,-1073741824;-2147483648
1 0,-2147483648 -1073741824,-2147483648;1073741824
1 0,1073741824 -1073741824,1073741824;0
1 0,0 -1073741824,-1073741824;0
1 1 1,-1073741824 -2147483648,-1073741824;1073741824;0
1 1 1,-2147483648 -2147483648,-1073741824;-2147483648;0
1 1 1,1073741824 -2147483648,-1073741824;-2147483648;1073741824
1 1 1,0 -2147483648,-2147483648;1073741824;0
1 1 1,-1073741824 1073741824,-1073741824;-2147483648;1073741824
1 1 1,-2147483648 1073741824,-2147483648;1073741824;0
1 1 1,-1073741824 0,-1073741824;1073741824;0
1 1 1,-2147483648 0,-1073741824;-2147483648;0
1 1 1,1073741824 0,-1073741824;-2147483648;1073741824
1 1 1,0 0,-2147483648;1073741824;0
1 1 1,1073741824 1073741824,-1073741824;1073741824;0
1 1 1,0 1073741824,-1073741824;-2147483648;0
1 1 1,-1073741824 -1073741824,-1073741824;-2147483648;1073741824
1 1 1,-2147483648 -1073741824,-2147483648;1073741824;0
1 1 1,1073741824 -1073741824,-1073741824;1073741824;0
1 1 1,0 -1073741824,-1073741824;-2147483648;0
2 0,-1073741824 -2147483648,1073741824;0
2 0,-2147483648 -2147483648,-1073741824;0
2 0,1073741824 -2147483648,-1073741824;-2147483648
2 0,0 -2147483648,-2147483648;1073741824
2 0,-1073741824 1073741824,-2147483648;1073741824
2 0,-2147483648 1073741824,1073741824;0
2 0,-1073741824 0,-1073741824;-2147483648
2 0,-2147483648 0,-2147483648;1073741824
2 0,1073741824 0,1073741824;0
2 0,0 0,-1073741824;0
2 0,1073741824 1073741824,-1073741824;0
2 0,0 1073741824,-1073741824;-2147483648
2 0,-1073741824 -1073741824,-1073741824;0
2 0,-2147483648 -1073741824,-1073741824;-2147483648
2 0,1073741824 -1073741824,-2147483648;1073741824
2 0,0 -1073741824,1073741824;0
2 1 1,-1073741824 -2147483648,-1073741824;-2147483648;1073741824
2 1 1,-2147483648 -2147483648,-2147483648;1073741824;0
2 1 1,1073741824 -2147483648,-1073741824;1073741824;0
2 1 1,0 -2147483648,-1073741824;-2147483648;0
2 1 1,-1073741824 1073741824,-1073741824;1073741824;0
2 1 1,-2147483648 1073741824,-1073741824;-2147483648;0
2 1 1,-1073741824 0,-1073741824;-2147483648;1073741824
2 1 1,-2147483648 0,-2147483648;1073741824;0
2 1 1,1073741824 0,-1073741824;1073741824;0
2 1 1,0 0,-1073741824;-2147483648;0
2 1 1,1073741824 1073741824,-1073741824;-2147483648;1073741824
2 1 1,0 1073741824,-2147483648;1073741824;0
2 1 1,-1073741824 -1073741824,-1073741824;1073741824;0
2 1 1,-2147483648 -1073741824,-1073741824;-2147483648;0
2 1 1,1073741824 -1073741824,-1073741824;-2147483648;1073741824
2 1 1,0 -1073741824,-2147483648;1073741824;0
3 0,-1073741824 -2147483648,-1073741824;-2147483648
3 0,-2147483648 -2147483648,-1073741824;0
3 0,1073741824 -2147483648,1073741824;0
3 0,0 -2147483648,-2147483648;1073741824
3 0,-1073741824 1073741824,-2147483648;1073741824
3 0,-2147483648 1073741824,-1073741824;-2147483648
3 0,-1073741824 0,1073741824;0
3 0,-2147483648 0,-2147483648;1073741824
3 0,1073741824 0,-1073741824;-2147483648
3 0,0 0,-1073741824;0
3 0,1073741824 1073741824,-1073741824;0
3 0,0 1073741824,1073741824;0
3 0,-1073741824 -1073741824,-1073741824;0
3 0,-2147483648 -1073741824,1073741824;0
3 0,1073741824 -1073741824,-2147483648;1073741824
3 0,0 -1073741824,-1073741824;-2147483648
3 1 1,-1073741824 -2147483648,-2147483648;1073741824;0
3 1 1,-2147483648 -2147483648,-1073741824;-2147483648;1073741824
3 1 1,1073741824 -2147483648,-1073741824;-2147483648;0
3 1 1,0 -2147483648,-1073741824;1073741824;0
3 1 1,-1073741824 1073741824,-1073741824;-2147483648;0
3 1 1,-2147483648 1073741824,-1073741824;1073741824;0
3 1 1,-1073741824 0,-2147483648;1073741824;0
3 1 1,-2147483648 0,-1073741824;-2147483648;1073741824
3 1 1,1073741824 0,-1073741824;-2147483648;0
3 1 1,0 0,-1073741824;1073741824;0
3 1 1,1073741824 1073741824,-2147483648;1073741824;0
3 1 1,0 1073741824,-1073741824;-2147483648;1073741824
3 1 1,-1073741824 -1073741824,-1073741824;-2147483648;0
3 1 1,-2147483648 -1073741824,-1073741824;1073741824;0
3 1 1,1073741824 -1073741824,-2147483648;1073741824;0
3 1 1,0 -1073741824,-1073741824;-2147483648;1073741824
4 0 0,0,0
4 0 0,-1073741824,-1073741824
4 0 0,-2147483648,-2147483648
4 0 0,1073741824,1073741824
4 0 1,0,1073741824;0
4 0 1,-1073741824,-1073741824;0
4 0 1,-2147483648,-1073741824;-2147483648
4 0 1,1073741824,-2147483648;1073741824
5 0 0,0,0
5 0 0,-1073741824,-1073741824
5 0 0,-2147483648,-2147483648
5 0 0,1073741824,1073741824
5 0 1,0,-1073741824;0
5 0 1,-1073741824,-1073741824;-2147483648
5 0 1,-2147483648,-2147483648;1073741824
5 0 1,1073741824,1073741824;0
6 0 0,0,-1073741824;0
6 0 0,-1073741824,1073741824;0
6 0 0,-2147483648,-2147483648;1073741824
6 0 0,1073741824,-1073741824;-2147483648
6 0 1,0,-1073741824;0
6 0 1,-1073741824,1073741824;0
6 0 1,-2147483648,-2147483648;1073741824
6 0 1,1073741824,-1073741824;-2147483648
7 1 1,-1073741824 -2147483648,1073741824;0
7 1 1,-2147483648 -2147483648,0
7 1 1,1073741824 -2147483648,1073741824;0
7 1 1,0 -2147483648,0
7 1 1,-1073741824 1073741824,-1073741824;-2147483648
7 1 1,-2147483648 1073741824,-2147483648
7 1 1,-1073741824 0,1073741824;0
7 1 1,-2147483648 0,0
7 1 1,1073741824 0,1073741824;0
7 1 1,0 0,0
7 1 1,1073741824 1073741824,1073741824;0
7 1 1,0 1073741824,0
7 1 1,-1073741824 -1073741824,-1073741824;-2147483648
7 1 1,-2147483648 -1073741824,-2147483648
7 1 1,1073741824 -1073741824,1073741824;0
7 1 1,0 -1073741824,0
8 1 1,-1073741824 -2147483648,-1073741824
8 1 1,-2147483648 -2147483648,-1073741824;-2147483648
8 1 1,1073741824 -2147483648,1073741824
8 1 1,0 -2147483648,1073741824;0
8 1 1,-1073741824 1073741824,-1073741824
8 1 1,-2147483648 1073741824,-1073741824;-2147483648
8 1 1,-1073741824 0,-1073741824
8 1 1,-2147483648 0,-1073741824;-2147483648
8 1 1,1073741824 0,1073741824
8 1 1,0 0,1073741824;0
8 1 1,1073741824 1073741824,-1073741824
8 1 1,0 1073741824,-1073741824;-2147483648
8 1 1,-1073741824 -1073741824,-1073741824
8 1 1,-2147483648 -1073741824,-1073741824;-2147483648
8 1 1,1073741824 -1073741824,-1073741824
8 1 1,0 -1073741824,-1073741824;-2147483648
9 1 1,-1073741824 -2147483648,-1073741824;-2147483648
9 1 1,-2147483648 -2147483648,-1073741824;-2147483648
9 1 1,1073741824 -2147483648,1073741824;0
9 1 1,0 -2147483648,1073741824;0
9 1 1,-1073741824 1073741824,1073741824;0
9 1 1,-2147483648 1073741824,1073741824;0
9 1 1,-1073741824 0,-1073741824;-2147483648
9 1 1,-2147483648 0,-1073741824;-2147483648
9 1 1,1073741824 0,1073741824;0
9 1 1,0 0,1073741824;0
9 1 1,1073741824 1073741824,-1073741824;-2147483648
9 1 1,0 1073741824,-1073741824;-2147483648
9 1 1,-1073741824 -1073741824,1073741824;0
9 1 1,-2147483648 -1073741824,1073741824;0
9 1 1,1073741824 -1073741824,-1073741824;-2147483648
9 1 1,0 -1073741824,-1073741824;-2147483648
10 1 1,-1073741824 -2147483648,-1073741824;-2147483648
10 1 1,-2147483648 -2147483648,-2147483648
10 1 1,1073741824 -2147483648,1073741824;0
10 1 1,0 -2147483648,0
10 1 1,-1073741824 1073741824,1073741824;0
10 1 1,-2147483648 1073741824,0
10 1 1,-1073741824 0,-1073741824;-2147483648
10 1 1,-2147483648 0,-2147483648
10 1 1,1073741824 0,1073741824;0
10 1 1,0 0,0
10 1 1,1073741824 1073741824,1073741824;0
10 1 1,0 1073741824,0
10 1 1,-1073741824 -1073741824,1073741824;0
10 1 1,-2147483648 -1073741824,0
10 1 1,1073741824 -1073741824,1073741824;0
10 1 1,0 -1073741824,0
11 1 1,-1073741824 -2147483648,-1073741824
11 1 1,-2147483648 -2147483648,-1073741824;-2147483648
11 1 1,1073741824 -2147483648,-1073741824
11 1 1,0 -2147483648,-1073741824;-2147483648
11 1 1,-1073741824 1073741824,-1073741824
11 1 1,-2147483648 1073741824,-1073741824;-2147483648
11 1 1,-1073741824 0,-1073741824
11 1 1,-2147483648 0,-1073741824;-2147483648
11 1 1,1073741824 0,-1073741824
11 1 1,0 0,-1073741824;-2147483648
11 1 1,1073741824 1073741824,1073741824
11 1 1,0 1073741824,1073741824;0
11 1 1,-1073741824 -1073741824,-1073741824
11 1 1,-2147483648 -1073741824,-1073741824;-2147483648
11 1 1,1073741824 -1073741824,1073741824
11 1 1,0 -1073741824,1073741824;0
17 1 1,0,1073741824;0
17 1 1,-1073741824,-1073741824;-2147483648
17 1 1,-2147483648,1073741824;0
17 1 1,1073741824,-1073741824;-2147483648
18 1 1,0,-1073741824;-2147483648
18 1 1,-1073741824,1073741824;0
18 1 1,-2147483648,-1073741824;-2147483648
18 1 1,1073741824,1073741824;0
31 0 0,0,0
31 0 0,-1073741824,-1073741824
31 0 0,-2147483648,-2147483648
31 0 0,1073741824,1073741824
31 0 1,0,1073741824;0
31 0 1,-1073741824,-1073741824;-2147483648
31 0 1,-2147483648,1073741824;0
31 0 1,1073741824,-1073741824;-2147483648
33 0,-1073741824 -2147483648,#t
33 0,-2147483648 -2147483648,#t
33 0,1073741824 -2147483648,#t
33 0,0 -2147483648,#t
33 0,-1073741824 1073741824,#t
33 0,-2147483648 1073741824,#t
33 0,-1073741824 0,#t
33 0,-2147483648 0,#t
33 0,1073741824 0,#t
33 0,0 0,#t
33 0,1073741824 1073741824,#t
33 0,0 1073741824,#t
33 0,-1073741824 -1073741824,#t
33 0,-2147483648 -1073741824,#t
33 0,1073741824 -1073741824,#t
33 0,0 -1073741824,#t
34 0,1073741824 0 -2147483648,#t
34 0,0 -1073741824 -1073741824,#t
34 0,-1073741824 -2147483648 1073741824,#t
34 0,0 -2147483648 0,#t
34 0,-1073741824 -1073741824 -2147483648,#t
34 0,1073741824 0 1073741824,#t
34 0,-2147483648 -2147483648 1073741824,#t
34 0,1073741824 1073741824 -1073741824,#t
34 0,1073741824 -1073741824 0,#t
34 0,0 0 1073741824,#t
34 0,-1073741824 -2147483648 -1073741824,#t
34 0,-2147483648 0 0,#t
34 0,-1073741824 0 -2147483648,#t
34 0,-2147483648 -1073741824 1073741824,#t
34 0,0 1073741824 1073741824,#t
34 0,-1073741824 -1073741824 0,#t
34 0,-2147483648 0 -1073741824,#t
34 0,0 -1073741824 1073741824,#t
34 0,1073741824 -1073741824 1073741824,#t
34 0,0 -2147483648 -1073741824,#t
34 0,1073741824 1073741824 -2147483648,#t
34 0,0 0 -2147483648,#t
34 0,-1073741824 1073741824 1073741824,#t
34 0,-2147483648 -1073741824 -1073741824,#t
34 0,1073741824 0 0,#t
34 0,-2147483648 -1073741824 0,#t
34 0,1073741824 0 -1073741824,#t
34 0,-1073741824 -1073741824 1073741824,#t
34 0,0 1073741824 0,#t
34 0,-1073741824 1073741824 -1073741824,#t
34 0,-2147483648 0 1073741824,#t
34 0,1073741824 -1073741824 -2147483648,#t
34 0,0 -2147483648 -2147483648,#t
34 0,1073741824 -1073741824 -1073741824,#t
34 0,-2147483648 0 -2147483648,#t
34 0,1073741824 -2147483648 1073741824,#t
34 0,-2147483648 -1073741824 -2147483648,#t
34 0,-2147483648 1073741824 0,#t
34 0,1073741824 1073741824 1073741824,#t
34 0,0 1073741824 -1073741824,#t
34 0,-2147483648 -2147483648 -2147483648,#t
34 0,-1073741824 -2147483648 -2147483648,#t
34 0,-2147483648 -2147483648 -1073741824,#t
34 0,1073741824 -2147483648 0,#t
34 0,-2147483648 -2147483648 0,#t
34 0,-1073741824 -2147483648 0,#t
34 0,1073741824 -2147483648 -2147483648,#t
34 0,0 1073741824 -2147483648,#t
34 0,-1073741824 0 -1073741824,#t
34 0,1073741824 1073741824 0,#t
34 0,0 0 0,#t
34 0,1073741824 -2147483648 -1073741824,#t
34 0,0 -1073741824 -2147483648,#t
34 0,-1073741824 0 1073741824,#t
34 0,-2147483648 1073741824 1073741824,#t
34 0,-1073741824 -1073741824 -1073741824,#t
34 0,0 -2147483648 1073741824,#t
34 0,-1073741824 1073741824 0,#t
34 0,0 0 -1073741824,#t
34 0,-2147483648 1073741824 -2147483648,#t
34 0,-1073741824 1073741824 -2147483648,#t
34 0,-2147483648 1073741824 -1073741824,#t
34 0,-1073741824 0 0,#t
34 0,0 -1073741824 0,#t
35 0,1073741824 0 -2147483648,#t
35 0,0 -1073741824 -1073741824,#t
35 0,-1073741824 -2147483648 1073741824,#t
35 0,0 -2147483648 0,#t
35 0,-1073741824 -1073741824 -2147483648,#t
35 0,1073741824 0 1073741824,#t
35 0,-2147483648 -2147483648 1073741824,#t
35 0,1073741824 1073741824 -1073741824,#t
35 0,1073741824 -1073741824 0,#t
35 0,0 0 1073741824,#t
35 0,-1073741824 -2147483648 -1073741824,#t
35 0,-2147483648 0 0,#t
35 0,-1073741824 0 -2147483648,#t
35 0,-2147483648 -1073741824 1073741824,#t
35 0,0 1073741824 1073741824,#t
35 0,-1073741824 -1073741824 0,#t
35 0,-2147483648 0 -1073741824,#t
35 0,0 -1073741824 1073741824,#t
35 0,1073741824 -1073741824 1073741824,#t
35 0,0 -2147483648 -1073741824,#t
35 0,1073741824 1073741824 -2147483648,#t
35 0,0 0 -2147483648,#t
35 0,-1073741824 1073741824 1073741824,#t
35 0,-2147483648 -1073741824 -1073741824,#t
35 0,1073741824 0 0,#t
35 0,-2147483648 -1073741824 0,#t
35 0,1073741824 0 -1073741824,#t
35 0,-1073741824 -1073741824 1073741824,#t
35 0,0 1073741824 0,#t
35 0,-1073741824 1073741824 -1073741824,#t
35 0,-2147483648 0 1073741824,#t
35 0,1073741824 -1073741824 -2147483648,#t
35 0,0 -2147483648 -2147483648,#t
35 0,1073741824 -1073741824 -1073741824,#t
35 0,-2147483648 0 -2147483648,#t
35 0,1073741824 -2147483648 1073741824,#t
35 0,-2147483648 -1073741824 -2147483648,#t
35 0,-2147483648 1073741824 0,#t
35 0,1073741824 1073741824 1073741824,#t
35 0,0 1073741824 -1073741824,#t
35 0,-2147483648 -2147483648 -2147483648,#t
35 0,-1073741824 -2147483648 -2147483648,#t
35 0,-2147483648 -2147483648 -1073741824,#t
35 0,1073741824 -2147483648 0,#t
35 0,-2147483648 -2147483648 0,#t
35 0,-1073741824 -2147483648 0,#t
35 0,1073741824 -2147483648 -2147483648,#t
35 0,0 1073741824 -2147483648,#t
35 0,-1073741824 0 -1073741824,#t
35 0,1073741824 1073741824 0,#t
35 0,0 0 0,#t
35 0,1073741824 -2147483648 -1073741824,#t
35 0,0 -1073741824 -2147483648,#t
35 0,-1073741824 0 1073741824,#t
35 0,-2147483648 1073741824 1073741824,#t
35 0,-1073741824 -1073741824 -1073741824,#t
35 0,0 -2147483648 1073741824,#t
35 0,-1073741824 1073741824 0,#t
35 0,0 0 -1073741824,#t
35 0,-2147483648 1073741824 -2147483648,#t
35 0,-1073741824 1073741824 -2147483648,#t
35 0,-2147483648 1073741824 -1073741824,#t
35 0,-1073741824 0 0,#t
35 0,0 -1073741824 0,#t
43 0,-1073741824 -2147483648,-1073741824;0
43 0,-2147483648 -2147483648,-1073741824;-2147483648
43 0,1073741824 -2147483648,-2147483648;1073741824
43 0,0 -2147483648,1073741824;0
43 0,-1073741824 1073741824,-1073741824;0
43 0,-2147483648 1073741824,-1073741824;-2147483648
43 0,-1073741824 0,-1073741824;0
43 0,-2147483648 0,-1073741824;-2147483648
43 0,1073741824 0,-2147483648;1073741824
43 0,0 0,1073741824;0
43 0,1073741824 1073741824,-2147483648;1073741824
43 0,0 1073741824,1073741824;0
43 0,-1073741824 -1073741824,-1073741824;0
43 0,-2147483648 -1073741824,-1073741824;-2147483648
43 0,1073741824 -1073741824,-2147483648;1073741824
43 0,0 -1073741824,1073741824;0
44 0,0,0
44 0,-1073741824,0
44 0,-2147483648,0
44 0,1073741824,0
45 0,0,0
45 0,-1073741824,0
45 0,-2147483648,0
45 0,1073741824,0
47 0 0 1,0,#t
47 0 0 1,-1073741824,#t
47 0 0 1,-2147483648,#t
47 0 0 1,1073741824,#t
47 0 1 1,0,#t
47 0 1 1,-1073741824,#t
47 0 1 1,-2147483648,#t
47 0 1 1,1073741824,#t
1 2,1073741824 0 -2147483648,-1073741824;-2147483648;0
1 2,0 -1073741824 -1073741824,-1073741824;-2147483648
1 2,-1073741824 -2147483648 1073741824,-1073741824;-2147483648;0
1 2,0 -2147483648 0,-1073741824;-2147483648
1 2,-1073741824 -1073741824 -2147483648,-1073741824;-2147483648;1073741824
1 2,1073741824 0 1073741824,-2147483648;1073741824;0
1 2,-2147483648 -2147483648 1073741824,-1073741824;-2147483648;0
1 2,1073741824 1073741824 -1073741824,1073741824;0
1 2,1073741824 -1073741824 0,-1073741824;0
1 2,0 0 1073741824,-2147483648;1073741824;0
1 2,-1073741824 -2147483648 -1073741824,-2147483648;1073741824
1 2,-2147483648 0 0,1073741824;0
1 2,-1073741824 0 -2147483648,-1073741824;-2147483648;0
1 2,-2147483648 -1073741824 1073741824,-1073741824;1073741824;0
1 2,0 1073741824 1073741824,-1073741824;-2147483648;1073741824
1 2,-1073741824 -1073741824 0,-1073741824;0
1 2,-2147483648 0 -1073741824,-1073741824;0
1 2,0 -1073741824 1073741824,-1073741824;1073741824;0
1 2,1073741824 -1073741824 1073741824,-1073741824;1073741824;0
1 2,0 -2147483648 -1073741824,-2147483648;1073741824
1 2,1073741824 1073741824 -2147483648,-1073741824;1073741824;0
1 2,0 0 -2147483648,-1073741824;-2147483648;0
1 2,-1073741824 1073741824 1073741824,-1073741824;-2147483648;1073741824
1 2,-2147483648 -1073741824 -1073741824,-1073741824;-2147483648
1 2,1073741824 0 0,1073741824;0
1 2,-2147483648 -1073741824 0,-1073741824;0
1 2,1073741824 0 -1073741824,-1073741824;0
1 2,-1073741824 -1073741824 1073741824,-1073741824;1073741824;0
1 2,0 1073741824 0,-2147483648;1073741824
1 2,-1073741824 1073741824 -1073741824,1073741824;0
1 2,-2147483648 0 1073741824,-2147483648;1073741824;0
1 2,1073741824 -1073741824 -2147483648,-1073741824;-2147483648;1073741824
1 2,0 -2147483648 -2147483648,-2147483648;1073741824;0
1 2,1073741824 -1073741824 -1073741824,-1073741824;-2147483648
1 2,-2147483648 0 -2147483648,-1073741824;-2147483648;0
1 2,1073741824 -2147483648 1073741824,-1073741824;-2147483648;0
1 2,-2147483648 -1073741824 -2147483648,-1073741824;-2147483648;1073741824
1 2,-2147483648 1073741824 0,-2147483648;1073741824
1 2,1073741824 1073741824 1073741824,-1073741824;-2147483648;1073741824
1 2,0 1073741824 -1073741824,1073741824;0
1 2,-2147483648 -2147483648 -2147483648,-2147483648;1073741824;0
1 2,-1073741824 -2147483648 -2147483648,-2147483648;1073741824;0
1 2,-2147483648 -2147483648 -1073741824,-2147483648;1073741824
1 2,1073741824 -2147483648 0,-1073741824;-2147483648
1 2,-2147483648 -2147483648 0,-1073741824;-2147483648
1 2,-1073741824 -2147483648 0,-1073741824;-2147483648
1 2,1073741824 -2147483648 -2147483648,-2147483648;1073741824;0
1 2,0 1073741824 -2147483648,-1073741824;1073741824;0
1 2,-1073741824 0 -1073741824,-1073741824;0
1 2,1073741824 1073741824 0,-2147483648;1073741824
1 2,0 0 0,1073741824;0
1 2,1073741824 -2147483648 -1073741824,-2147483648;1073741824
1 2,0 -1073741824 -2147483648,-1073741824;-2147483648;1073741824
1 2,-1073741824 0 1073741824,-2147483648;1073741824;0
1 2,-2147483648 1073741824 1073741824,-1073741824;-2147483648;1073741824
1 2,-1073741824 -1073741824 -1073741824,-1073741824;-2147483648
1 2,0 -2147483648 1073741824,-1073741824;-2147483648;0
1 2,-1073741824 1073741824 0,-2147483648;1073741824
1 2,0 0 -1073741824,-1073741824;0
1 2,-2147483648 1073741824 -2147483648,-1073741824;1073741824;0
1 2,-1073741824 1073741824 -2147483648,-1073741824;1073741824;0
1 2,-2147483648 1073741824 -1073741824,1073741824;0
1 2,-1073741824 0 0,1073741824;0
1 2,0 -1073741824 0,-1073741824;0
1 3,1073741824 0 -2147483648,#t
1 3,0 -1073741824 -1073741824,#t
1 3,-1073741824 -2147483648 1073741824,#t
1 3,0 -2147483648 0,#t
1 3,-1073741824 -1073741824 -2147483648,#t
1 3,1073741824 0 1073741824,#t
1 3,-2147483648 -2147483648 1073741824,#t
1 3,1073741824 1073741824 -1073741824,#t
1 3,1073741824 -1073741824 0,#t
1 3,0 0 1073741824,#t
1 3,-1073741824 -2147483648 -1073741824,#t
1 3,-2147483648 0 0,#t
1 3,-1073741824 0 -2147483648,#t
1 3,-2147483648 -1073741824 1073741824,#t
1 3,0 1073741824 1073741824,#t
1 3,-1073741824 -1073741824 0,#t
1 3,-2147483648 0 -1073741824,#t
1 3,0 -1073741824 1073741824,#t
1 3,1073741824 -1073741824 1073741824,#t
1 3,0 -2147483648 -1073741824,#t
1 3,1073741824 1073741824 -2147483648,#t
1 3,0 0 -2147483648,#t
1 3,-1073741824 1073741824 1073741824,#t
1 3,-2147483648 -1073741824 -1073741824,#t
1 3,1073741824 0 0,#t
1 3,-2147483648 -1073741824 0,#t
1 3,1073741824 0 -1073741824,#t
1 3,-1073741824 -1073741824 1073741824,#t
1 3,0 1073741824 0,#t
1 3,-1073741824 1073741824 -1073741824,#t
1 3,-2147483648 0 1073741824,#t
1 3,1073741824 -1073741824 -2147483648,#t
1 3,0 -2147483648 -2147483648,#t
1 3,1073741824 -1073741824 -1073741824,#t
1 3,-2147483648 0 -2147483648,#t
1 3,1073741824 -2147483648 1073741824,#t
1 3,-2147483648 -1073741824 -2147483648,#t
1 3,-2147483648 1073741824 0,#t
1 3,1073741824 1073741824 1073741824,#t
1 3,0 1073741824 -1073741824,#t
1 3,-2147483648 -2147483648 -2147483648,#t
1 3,-1073741824 -2147483648 -2147483648,#t
1 3,-2147483648 -2147483648 -1073741824,#t
1 3,1073741824 -2147483648 0,#t
1 3,-2147483648 -2147483648 0,#t
1 3,-1073741824 -2147483648 0,#t
1 3,1073741824 -2147483648 -2147483648,#t
1 3,0 1073741824 -2147483648,#t
1 3,-1073741824 0 -1073741824,#t
1 3,1073741824 1073741824 0,#t
1 3,0 0 0,#t
1 3,1073741824 -2147483648 -1073741824,#t
1 3,0 -1073741824 -2147483648,#t
1 3,-1073741824 0 1073741824,#t
1 3,-2147483648 1073741824 1073741824,#t
1 3,-1073741824 -1073741824 -1073741824,#t
1 3,0 -2147483648 1073741824,#t
1 3,-1073741824 1073741824 0,#t
1 3,0 0 -1073741824,#t
1 3,-2147483648 1073741824 -2147483648,#t
1 3,-1073741824 1073741824 -2147483648,#t
1 3,-2147483648 1073741824 -1073741824,#t
1 3,-1073741824 0 0,#t
1 3,0 -1073741824 0,#t
1 4,1073741824 0 -2147483648,-1073741824;-2147483648;1073741824;0
1 4,0 -1073741824 -1073741824,-1073741824;-2147483648;1073741824;0
1 4,-1073741824 -2147483648 1073741824,-1073741824;-2147483648;0
1 4,0 -2147483648 0,-1073741824;-2147483648
1 4,-1073741824 -1073741824 -2147483648,-1073741824;-2147483648;1073741824;0
1 4,1073741824 0 1073741824,-2147483648;1073741824;0
1 4,-2147483648 -2147483648 1073741824,-1073741824;-2147483648;0
1 4,1073741824 1073741824 -1073741824,-1073741824;-2147483648;1073741824;0
1 4,1073741824 -1073741824 0,-1073741824;0
1 4,0 0 1073741824,-2147483648;1073741824;0
1 4,-1073741824 -2147483648 -1073741824,-1073741824;-2147483648;1073741824;0
1 4,-2147483648 0 0,1073741824;0
1 4,-1073741824 0 -2147483648,-1073741824;-2147483648;1073741824;0
1 4,-2147483648 -1073741824 1073741824,-1073741824;1073741824;0
1 4,0 1073741824 1073741824,-1073741824;-2147483648;1073741824
1 4,-1073741824 -1073741824 0,-1073741824;0
1 4,-2147483648 0 -1073741824,-1073741824;-2147483648;1073741824;0
1 4,0 -1073741824 1073741824,-1073741824;1073741824;0
1 4,1073741824 -1073741824 1073741824,-1073741824;1073741824;0
1 4,0 -2147483648 -1073741824,-1073741824;-2147483648;1073741824;0
1 4,1073741824 1073741824 -2147483648,-1073741824;-2147483648;1073741824;0
1 4,0 0 -2147483648,-1073741824;-2147483648;1073741824;0
1 4,-1073741824 1073741824 1073741824,-1073741824;-2147483648;1073741824
1 4,-2147483648 -1073741824 -1073741824,-1073741824;-2147483648;1073741824;0
1 4,1073741824 0 0,1073741824;0
1 4,-2147483648 -1073741824 0,-1073741824;0
1 4,1073741824 0 -1073741824,-1073741824;-2147483648;1073741824;0
1 4,-1073741824 -1073741824 1073741824,-1073741824;1073741824;0
1 4,0 1073741824 0,-2147483648;1073741824
1 4,-1073741824 1073741824 -1073741824,-1073741824;-2147483648;1073741824;0
1 4,-2147483648 0 1073741824,-2147483648;1073741824;0
1 4,1073741824 -1073741824 -2147483648,-1073741824;-2147483648;1073741824;0
1 4,0 -2147483648 -2147483648,-1073741824;-2147483648;1073741824;0
1 4,1073741824 -1073741824 -1073741824,-1073741824;-2147483648;1073741824;0
1 4,-2147483648 0 -2147483648,-1073741824;-2147483648;1073741824;0
1 4,1073741824 -2147483648 1073741824,-1073741824;-2147483648;0
1 4,-2147483648 -1073741824 -2147483648,-1073741824;-2147483648;1073741824;0
1 4,-2147483648 1073741824 0,-2147483648;1073741824
1 4,1073741824 1073741824 1073741824,-1073741824;-2147483648;1073741824
1 4,0 1073741824 -1073741824,-1073741824;-2147483648;1073741824;0
1 4,-2147483648 -2147483648 -2147483648,-1073741824;-2147483648;1073741824;0
1 4,-1073741824 -2147483648 -2147483648,-1073741824;-2147483648;1073741824;0
1 4,-2147483648 -2147483648 -1073741824,-1073741824;-2147483648;1073741824;0
1 4,1073741824 -2147483648 0,-1073741824;-2147483648
1 4,-2147483648 -2147483648 0,-1073741824;-2147483648
1 4,-1073741824 -2147483648 0,-1073741824;-2147483648
1 4,1073741824 -2147483648 -2147483648,-1073741824;-2147483648;1073741824;0
1 4,0 1073741824 -2147483648,-1073741824;-2147483648;1073741824;0
1 4,-1073741824 0 -1073741824,-1073741824;-2147483648;1073741824;0
1 4,1073741824 1073741824 0,-2147483648;1073741824
1 4,0 0 0,1073741824;0
1 4,1073741824 -2147483648 -1073741824,-1073741824;-2147483648;1073741824;0
1 4,0 -1073741824 -2147483648,-1073741824;-2147483648;1073741824;0
1 4,-1073741824 0 1073741824,-2147483648;1073741824;0
1 4,-2147483648 1073741824 1073741824,-1073741824;-2147483648;1073741824
1 4,-1073741824 -1073741824 -1073741824,-1073741824;-2147483648;1073741824;0
1 4,0 -2147483648 1073741824,-1073741824;-2147483648;0
1 4,-1073741824 1073741824 0,-2147483648;1073741824
1 4,0 0 -1073741824,-1073741824;-2147483648;1073741824;0
1 4,-2147483648 1073741824 -2147483648,-1073741824;-2147483648;1073741824;0
1 4,-1073741824 1073741824 -2147483648,-1073741824;-2147483648;1073741824;0
1 4,-2147483648 1073741824 -1073741824,-1073741824;-2147483648;1073741824;0
1 4,-1073741824 0 0,1073741824;0
1 4,0 -1073741824 0,-1073741824;0
1 5 1,-1073741824 -2147483648,-1073741824;-2147483648
1 5 1,-2147483648 -2147483648,-2147483648;1073741824
1 5 1,1073741824 -2147483648,1073741824;0
1 5 1,0 -2147483648,-1073741824;0
1 5 1,-1073741824 1073741824,-1073741824;0
1 5 1,-2147483648 1073741824,-1073741824;-2147483648
1 5 1,-1073741824 0,-1073741824;0
1 5 1,-2147483648 0,-1073741824;-2147483648
1 5 1,1073741824 0,-2147483648;1073741824
1 5 1,0 0,1073741824;0
1 5 1,1073741824 1073741824,-2147483648;1073741824
1 5 1,0 1073741824,1073741824;0
1 5 1,-1073741824 -1073741824,-1073741824;-2147483648
1 5 1,-2147483648 -1073741824,-2147483648;1073741824
1 5 1,1073741824 -1073741824,1073741824;0
1 5 1,0 -1073741824,-1073741824;0
1 6 1,-1073741824 -2147483648,1073741824;0
1 6 1,-2147483648 -2147483648,-1073741824;0
1 6 1,1073741824 -2147483648,-1073741824;-2147483648
1 6 1,0 -2147483648,-2147483648;1073741824
1 6 1,-1073741824 1073741824,-1073741824;0
1 6 1,-2147483648 1073741824,-1073741824;-2147483648
1 6 1,-1073741824 0,-1073741824;0
1 6 1,-2147483648 0,-1073741824;-2147483648
1 6 1,1073741824 0,-2147483648;1073741824
1 6 1,0 0,1073741824;0
1 6 1,1073741824 1073741824,-2147483648;1073741824
1 6 1,0 1073741824,1073741824;0
1 6 1,-1073741824 -1073741824,1073741824;0
1 6 1,-2147483648 -1073741824,-1073741824;0
1 6 1,1073741824 -1073741824,-1073741824;-2147483648
1 6 1,0 -1073741824,-2147483648;1073741824
2 2,1073741824 0 -2147483648,-2147483648;1073741824;0
2 2,0 -1073741824 -1073741824,-1073741824;0
2 2,-1073741824 -2147483648 1073741824,-2147483648;1073741824;0
2 2,0 -2147483648 0,-2147483648;1073741824
2 2,-1073741824 -1073741824 -2147483648,-1073741824;1073741824;0
2 2,1073741824 0 1073741824,-1073741824;-2147483648;0
2 2,-2147483648 -2147483648 1073741824,-2147483648;1073741824;0
2 2,1073741824 1073741824 -1073741824,-2147483648;1073741824
2 2,1073741824 -1073741824 0,-1073741824;-2147483648
2 2,0 0 1073741824,-1073741824;-2147483648;0
2 2,-1073741824 -2147483648 -1073741824,-1073741824;-2147483648
2 2,-2147483648 0 0,-1073741824;0
2 2,-1073741824 0 -2147483648,-2147483648;1073741824;0
2 2,-2147483648 -1073741824 1073741824,-1073741824;-2147483648;1073741824
2 2,0 1073741824 1073741824,-1073741824;1073741824;0
2 2,-1073741824 -1073741824 0,-1073741824;-2147483648
2 2,-2147483648 0 -1073741824,1073741824;0
2 2,0 -1073741824 1073741824,-1073741824;-2147483648;1073741824
2 2,1073741824 -1073741824 1073741824,-1073741824;-2147483648;1073741824
2 2,0 -2147483648 -1073741824,-1073741824;-2147483648
2 2,1073741824 1073741824 -2147483648,-1073741824;-2147483648;1073741824
2 2,0 0 -2147483648,-2147483648;1073741824;0
2 2,-1073741824 1073741824 1073741824,-1073741824;1073741824;0
2 2,-2147483648 -1073741824 -1073741824,-1073741824;0
2 2,1073741824 0 0,-1073741824;0
2 2,-2147483648 -1073741824 0,-1073741824;-2147483648
2 2,1073741824 0 -1073741824,1073741824;0
2 2,-1073741824 -1073741824 1073741824,-1073741824;-2147483648;1073741824
2 2,0 1073741824 0,1073741824;0
2 2,-1073741824 1073741824 -1073741824,-2147483648;1073741824
2 2,-2147483648 0 1073741824,-1073741824;-2147483648;0
2 2,1073741824 -1073741824 -2147483648,-1073741824;1073741824;0
2 2,0 -2147483648 -2147483648,-1073741824;-2147483648;0
2 2,1073741824 -1073741824 -1073741824,-1073741824;0
2 2,-2147483648 0 -2147483648,-2147483648;1073741824;0
2 2,1073741824 -2147483648 1073741824,-2147483648;1073741824;0
2 2,-2147483648 -1073741824 -2147483648,-1073741824;1073741824;0
2 2,-2147483648 1073741824 0,1073741824;0
2 2,1073741824 1073741824 1073741824,-1073741824;1073741824;0
2 2,0 1073741824 -1073741824,-2147483648;1073741824
2 2,-2147483648 -2147483648 -2147483648,-1073741824;-2147483648;0
2 2,-1073741824 -2147483648 -2147483648,-1073741824;-2147483648;0
2 2,-2147483648 -2147483648 -1073741824,-1073741824;-2147483648
2 2,1073741824 -2147483648 0,-2147483648;1073741824
2 2,-2147483648 -2147483648 0,-2147483648;1073741824
2 2,-1073741824 -2147483648 0,-2147483648;1073741824
2 2,1073741824 -2147483648 -2147483648,-1073741824;-2147483648;0
2 2,0 1073741824 -2147483648,-1073741824;-2147483648;1073741824
2 2,-1073741824 0 -1073741824,1073741824;0
2 2,1073741824 1073741824 0,1073741824;0
2 2,0 0 0,-1073741824;0
2 2,1073741824 -2147483648 -1073741824,-1073741824;-2147483648
2 2,0 -1073741824 -2147483648,-1073741824;1073741824;0
2 2,-1073741824 0 1073741824,-1073741824;-2147483648;0
2 2,-2147483648 1073741824 1073741824,-1073741824;1073741824;0
2 2,-1073741824 -1073741824 -1073741824,-1073741824;0
2 2,0 -2147483648 1073741824,-2147483648;1073741824;0
2 2,-1073741824 1073741824 0,1073741824;0
2 2,0 0 -1073741824,1073741824;0
2 2,-2147483648 1073741824 -2147483648,-1073741824;-2147483648;1073741824
2 2,-1073741824 1073741824 -2147483648,-1073741824;-2147483648;1073741824
2 2,-2147483648 1073741824 -1073741824,-2147483648;1073741824
2 2,-1073741824 0 0,-1073741824;0
2 2,0 -1073741824 0,-1073741824;-2147483648
2 3,1073741824 0 -2147483648,#t
2 3,0 -1073741824 -1073741824,#t
2 3,-1073741824 -2147483648 1073741824,#t
2 3,0 -2147483648 0,#t
2 3,-1073741824 -1073741824 -2147483648,#t
2 3,1073741824 0 1073741824,#t
2 3,-2147483648 -2147483648 1073741824,#t
2 3,1073741824 1073741824 -1073741824,#t
2 3,1073741824 -1073741824 0,#t
2 3,0 0 1073741824,#t
2 3,-1073741824 -2147483648 -1073741824,#t
2 3,-2147483648 0 0,#t
2 3,-1073741824 0 -2147483648,#t
2 3,-2147483648 -1073741824 1073741824,#t
2 3,0 1073741824 1073741824,#t
2 3,-1073741824 -1073741824 0,#t
2 3,-2147483648 0 -1073741824,#t
2 3,0 -1073741824 1073741824,#t
2 3,1073741824 -1073741824 1073741824,#t
2 3,0 -2147483648 -1073741824,#t
2 3,1073741824 1073741824 -2147483648,#t
2 3,0 0 -2147483648,#t
2 3,-1073741824 1073741824 1073741824,#t
2 3,-2147483648 -1073741824 -1073741824,#t
2 3,1073741824 0 0,#t
2 3,-2147483648 -1073741824 0,#t
2 3,1073741824 0 -1073741824,#t
2 3,-1073741824 -1073741824 1073741824,#t
2 3,0 1073741824 0,#t
2 3,-1073741824 1073741824 -1073741824,#t
2 3,-2147483648 0 1073741824,#t
2 3,1073741824 -1073741824 -2147483648,#t
2 3,0 -2147483648 -2147483648,#t
2 3,1073741824 -1073741824 -1073741824,#t
2 3,-2147483648 0 -2147483648,#t
2 3,1073741824 -2147483648 1073741824,#t
2 3,-2147483648 -1073741824 -2147483648,#t
2 3,-2147483648 1073741824 0,#t
2 3,1073741824 1073741824 1073741824,#t
2 3,0 1073741824 -1073741824,#t
2 3,-2147483648 -2147483648 -2147483648,#t
2 3,-1073741824 -2147483648 -2147483648,#t
2 3,-2147483648 -2147483648 -1073741824,#t
2 3,1073741824 -2147483648 0,#t
2 3,-2147483648 -2147483648 0,#t
2 3,-1073741824 -2147483648 0,#t
2 3,1073741824 -2147483648 -2147483648,#t
2 3,0 1073741824 -2147483648,#t
2 3,-1073741824 0 -1073741824,#t
2 3,1073741824 1073741824 0,#t
2 3,0 0 0,#t
2 3,1073741824 -2147483648 -1073741824,#t
2 3,0 -1073741824 -2147483648,#t
2 3,-1073741824 0 1073741824,#t
2 3,-2147483648 1073741824 1073741824,#t
2 3,-1073741824 -1073741824 -1073741824,#t
2 3,0 -2147483648 1073741824,#t
2 3,-1073741824 1073741824 0,#t
2 3,0 0 -1073741824,#t
2 3,-2147483648 1073741824 -2147483648,#t
2 3,-1073741824 1073741824 -2147483648,#t
2 3,-2147483648 1073741824 -1073741824,#t
2 3,-1073741824 0 0,#t
2 3,0 -1073741824 0,#t
2 4,1073741824 0 -2147483648,-1073741824;-2147483648;1073741824;0
2 4,0 -1073741824 -1073741824,-1073741824;-2147483648;1073741824;0
2 4,-1073741824 -2147483648 1073741824,-2147483648;1073741824;0
2 4,0 -2147483648 0,-2147483648;1073741824
2 4,-1073741824 -1073741824 -2147483648,-1073741824;-2147483648;1073741824;0
2 4,1073741824 0 1073741824,-1073741824;-2147483648;0
2 4,-2147483648 -2147483648 1073741824,-2147483648;1073741824;0
2 4,1073741824 1073741824 -1073741824,-1073741824;-2147483648;1073741824;0
2 4,1073741824 -1073741824 0,-1073741824;-2147483648
2 4,0 0 1073741824,-1073741824;-2147483648;0
2 4,-1073741824 -2147483648 -1073741824,-1073741824;-2147483648;1073741824;0
2 4,-2147483648 0 0,-1073741824;0
2 4,-1073741824 0 -2147483648,-1073741824;-2147483648;1073741824;0
2 4,-2147483648 -1073741824 1073741824,-1073741824;-2147483648;1073741824
2 4,0 1073741824 1073741824,-1073741824;1073741824;0
2 4,-1073741824 -1073741824 0,-1073741824;-2147483648
2 4,-2147483648 0 -1073741824,-1073741824;-2147483648;1073741824;0
2 4,0 -1073741824 1073741824,-1073741824;-2147483648;1073741824
2 4,1073741824 -1073741824 1073741824,-1073741824;-2147483648;1073741824
2 4,0 -2147483648 -1073741824,-1073741824;-2147483648;1073741824;0
2 4,1073741824 1073741824 -2147483648,-1073741824;-2147483648;1073741824;0
2 4,0 0 -2147483648,-1073741824;-2147483648;1073741824;0
2 4,-1073741824 1073741824 1073741824,-1073741824;1073741824;0
2 4,-2147483648 -1073741824 -1073741824,-1073741824;-2147483648;1073741824;0
2 4,1073741824 0 0,-1073741824;0
2 4,-2147483648 -1073741824 0,-1073741824;-2147483648
2 4,1073741824 0 -1073741824,-1073741824;-2147483648;1073741824;0
2 4,-1073741824 -1073741824 1073741824,-1073741824;-2147483648;1073741824
2 4,0 1073741824 0,1073741824;0
2 4,-1073741824 1073741824 -1073741824,-1073741824;-2147483648;1073741824;0
2 4,-2147483648 0 1073741824,-1073741824;-2147483648;0
2 4,1073741824 -1073741824 -2147483648,-1073741824;-2147483648;1073741824;0
2 4,0 -2147483648 -2147483648,-1073741824;-2147483648;1073741824;0
2 4,1073741824 -1073741824 -1073741824,-1073741824;-2147483648;1073741824;0
2 4,-2147483648 0 -2147483648,-1073741824;-2147483648;1073741824;0
2 4,1073741824 -2147483648 1073741824,-2147483648;1073741824;0
2 4,-2147483648 -1073741824 -2147483648,-1073741824;-2147483648;1073741824;0
2 4,-2147483648 1073741824 0,1073741824;0
2 4,1073741824 1073741824 1073741824,-1073741824;1073741824;0
2 4,0 1073741824 -1073741824,-1073741824;-2147483648;1073741824;0
2 4,-2147483648 -2147483648 -2147483648,-1073741824;-2147483648;1073741824;0
2 4,-1073741824 -2147483648 -2147483648,-1073741824;-2147483648;1073741824;0
2 4,-2147483648 -2147483648 -1073741824,-1073741824;-2147483648;1073741824;0
2 4,1073741824 -2147483648 0,-2147483648;1073741824
2 4,-2147483648 -2147483648 0,-2147483648;1073741824
2 4,-1073741824 -2147483648 0,-2147483648;1073741824
2 4,1073741824 -2147483648 -2147483648,-1073741824;-2147483648;1073741824;0
2 4,0 1073741824 -2147483648,-1073741824;-2147483648;1073741824;0
2 4,-1073741824 0 -1073741824,-1073741824;-2147483648;1073741824;0
2 4,1073741824 1073741824 0,1073741824;0
2 4,0 0 0,-1073741824;0
2 4,1073741824 -2147483648 -1073741824,-1073741824;-2147483648;1073741824;0
2 4,0 -1073741824 -2147483648,-1073741824;-2147483648;1073741824;0
2 4,-1073741824 0 1073741824,-1073741824;-2147483648;0
2 4,-2147483648 1073741824 1073741824,-1073741824;1073741824;0
2 4,-1073741824 -1073741824 -1073741824,-1073741824;-2147483648;1073741824;0
2 4,0 -2147483648 1073741824,-2147483648;1073741824;0
2 4,-1073741824 1073741824 0,1073741824;0
2 4,0 0 -1073741824,-1073741824;-2147483648;1073741824;0
2 4,-2147483648 1073741824 -2147483648,-1073741824;-2147483648;1073741824;0
2 4,-1073741824 1073741824 -2147483648,-1073741824;-2147483648;1073741824;0
2 4,-2147483648 1073741824 -1073741824,-1073741824;-2147483648;1073741824;0
2 4,-1073741824 0 0,-1073741824;0
2 4,0 -1073741824 0,-1073741824;-2147483648
2 5 1,-1073741824 -2147483648,-1073741824;0
2 5 1,-2147483648 -2147483648,-1073741824;-2147483648
2 5 1,1073741824 -2147483648,-2147483648;1073741824
2 5 1,0 -2147483648,1073741824;0
2 5 1,-1073741824 1073741824,-1073741824;-2147483648
2 5 1,-2147483648 1073741824,-2147483648;1073741824
2 5 1,-1073741824 0,-1073741824;-2147483648
2 5 1,-2147483648 0,-2147483648;1073741824
2 5 1,1073741824 0,1073741824;0
2 5 1,0 0,-1073741824;0
2 5 1,1073741824 1073741824,1073741824;0
2 5 1,0 1073741824,-1073741824;0
2 5 1,-1073741824 -1073741824,-1073741824;0
2 5 1,-2147483648 -1073741824,-1073741824;-2147483648
2 5 1,1073741824 -1073741824,-2147483648;1073741824
2 5 1,0 -1073741824,1073741824;0
2 6 1,-1073741824 -2147483648,-2147483648;1073741824
2 6 1,-2147483648 -2147483648,1073741824;0
2 6 1,1073741824 -2147483648,-1073741824;0
2 6 1,0 -2147483648,-1073741824;-2147483648
2 6 1,-1073741824 1073741824,-1073741824;-2147483648
2 6 1,-2147483648 1073741824,-2147483648;1073741824
2 6 1,-1073741824 0,-1073741824;-2147483648
2 6 1,-2147483648 0,-2147483648;1073741824
2 6 1,1073741824 0,1073741824;0
2 6 1,0 0,-1073741824;0
2 6 1,1073741824 1073741824,1073741824;0
2 6 1,0 1073741824,-1073741824;0
2 6 1,-1073741824 -1073741824,-2147483648;1073741824
2 6 1,-2147483648 -1073741824,1073741824;0
2 6 1,1073741824 -1073741824,-1073741824;0
2 6 1,0 -1073741824,-1073741824;-2147483648
3 2,1073741824 0 -2147483648,-1073741824;-2147483648;1073741824
3 2,0 -1073741824 -1073741824,-1073741824;0
3 2,-1073741824 -2147483648 1073741824,-1073741824;-2147483648;1073741824
3 2,0 -2147483648 0,-2147483648;1073741824
3 2,-1073741824 -1073741824 -2147483648,-1073741824;-2147483648;0
3 2,1073741824 0 1073741824,-1073741824;1073741824;0
3 2,-2147483648 -2147483648 1073741824,-1073741824;-2147483648;1073741824
3 2,1073741824 1073741824 -1073741824,-2147483648;1073741824
3 2,1073741824 -1073741824 0,1073741824;0
3 2,0 0 1073741824,-1073741824;1073741824;0
3 2,-1073741824 -2147483648 -1073741824,1073741824;0
3 2,-2147483648 0 0,-1073741824;0
3 2,-1073741824 0 -2147483648,-1073741824;-2147483648;1073741824
3 2,-2147483648 -1073741824 1073741824,-2147483648;1073741824;0
3 2,0 1073741824 1073741824,-1073741824;-2147483648;0
3 2,-1073741824 -1073741824 0,1073741824;0
3 2,-2147483648 0 -1073741824,-1073741824;-2147483648
3 2,0 -1073741824 1073741824,-2147483648;1073741824;0
3 2,1073741824 -1073741824 1073741824,-2147483648;1073741824;0
3 2,0 -2147483648 -1073741824,1073741824;0
3 2,1073741824 1073741824 -2147483648,-2147483648;1073741824;0
3 2,0 0 -2147483648,-1073741824;-2147483648;1073741824
3 2,-1073741824 1073741824 1073741824,-1073741824;-2147483648;0
3 2,-2147483648 -1073741824 -1073741824,-1073741824;0
3 2,1073741824 0 0,-1073741824;0
3 2,-2147483648 -1073741824 0,1073741824;0
3 2,1073741824 0 -1073741824,-1073741824;-2147483648
3 2,-1073741824 -1073741824 1073741824,-2147483648;1073741824;0
3 2,0 1073741824 0,-1073741824;-2147483648
3 2,-1073741824 1073741824 -1073741824,-2147483648;1073741824
3 2,-2147483648 0 1073741824,-1073741824;1073741824;0
3 2,1073741824 -1073741824 -2147483648,-1073741824;-2147483648;0
3 2,0 -2147483648 -2147483648,-1073741824;1073741824;0
3 2,1073741824 -1073741824 -1073741824,-1073741824;0
3 2,-2147483648 0 -2147483648,-1073741824;-2147483648;1073741824
3 2,1073741824 -2147483648 1073741824,-1073741824;-2147483648;1073741824
3 2,-2147483648 -1073741824 -2147483648,-1073741824;-2147483648;0
3 2,-2147483648 1073741824 0,-1073741824;-2147483648
3 2,1073741824 1073741824 1073741824,-1073741824;-2147483648;0
3 2,0 1073741824 -1073741824,-2147483648;1073741824
3 2,-2147483648 -2147483648 -2147483648,-1073741824;1073741824;0
3 2,-1073741824 -2147483648 -2147483648,-1073741824;1073741824;0
3 2,-2147483648 -2147483648 -1073741824,1073741824;0
3 2,1073741824 -2147483648 0,-2147483648;1073741824
3 2,-2147483648 -2147483648 0,-2147483648;1073741824
3 2,-1073741824 -2147483648 0,-2147483648;1073741824
3 2,1073741824 -2147483648 -2147483648,-1073741824;1073741824;0
3 2,0 1073741824 -2147483648,-2147483648;1073741824;0
3 2,-1073741824 0 -1073741824,-1073741824;-2147483648
3 2,1073741824 1073741824 0,-1073741824;-2147483648
3 2,0 0 0,-1073741824;0
3 2,1073741824 -2147483648 -1073741824,1073741824;0
3 2,0 -1073741824 -2147483648,-1073741824;-2147483648;0
3 2,-1073741824 0 1073741824,-1073741824;1073741824;0
3 2,-2147483648 1073741824 1073741824,-1073741824;-2147483648;0
3 2,-1073741824 -1073741824 -1073741824,-1073741824;0
3 2,0 -2147483648 1073741824,-1073741824;-2147483648;1073741824
3 2,-1073741824 1073741824 0,-1073741824;-2147483648
3 2,0 0 -1073741824,-1073741824;-2147483648
3 2,-2147483648 1073741824 -2147483648,-2147483648;1073741824;0
3 2,-1073741824 1073741824 -2147483648,-2147483648;1073741824;0
3 2,-2147483648 1073741824 -1073741824,-2147483648;1073741824
3 2,-1073741824 0 0,-1073741824;0
3 2,0 -1073741824 0,1073741824;0
3 3,1073741824 0 -2147483648,#t
3 3,0 -1073741824 -1073741824,#t
3 3,-1073741824 -2147483648 1073741824,#t
3 3,0 -2147483648 0,#t
3 3,-1073741824 -1073741824 -2147483648,#t
3 3,1073741824 0 1073741824,#t
3 3,-2147483648 -2147483648 1073741824,#t
3 3,1073741824 1073741824 -1073741824,#t
3 3,1073741824 -1073741824 0,#t
3 3,0 0 1073741824,#t
3 3,-1073741824 -2147483648 -1073741824,#t
3 3,-2147483648 0 0,#t
3 3,-1073741824 0 -2147483648,#t
3 3,-2147483648 -1073741824 1073741824,#t
3 3,0 1073741824 1073741824,#t
3 3,-1073741824 -1073741824 0,#t
3 3,-2147483648 0 -1073741824,#t
3 3,0 -1073741824 1073741824,#t
3 3,1073741824 -1073741824 1073741824,#t
3 3,0 -2147483648 -1073741824,#t
3 3,1073741824 1073741824 -2147483648,#t
3 3,0 0 -2147483648,#t
3 3,-1073741824 1073741824 1073741824,#t
3 3,-2147483648 -1073741824 -1073741824,#t
3 3,1073741824 0 0,#t
3 3,-2147483648 -1073741824 0,#t
3 3,1073741824 0 -1073741824,#t
3 3,-1073741824 -1073741824 1073741824,#t
3 3,0 1073741824 0,#t
3 3,-1073741824 1073741824 -1073741824,#t
3 3,-2147483648 0 1073741824,#t
3 3,1073741824 -1073741824 -2147483648,#t
3 3,0 -2147483648 -2147483648,#t
3 3,1073741824 -1073741824 -1073741824,#t
3 3,-2147483648 0 -2147483648,#t
3 3,1073741824 -2147483648 1073741824,#t
3 3,-2147483648 -1073741824 -2147483648,#t
3 3,-2147483648 1073741824 0,#t
3 3,1073741824 1073741824 1073741824,#t
3 3,0 1073741824 -1073741824,#t
3 3,-2147483648 -2147483648 -2147483648,#t
3 3,-1073741824 -2147483648 -2147483648,#t
3 3,-2147483648 -2147483648 -1073741824,#t
3 3,1073741824 -2147483648 0,#t
3 3,-2147483648 -2147483648 0,#t
3 3,-1073741824 -2147483648 0,#t
3 3,1073741824 -2147483648 -2147483648,#t
3 3,0 1073741824 -2147483648,#t
3 3,-1073741824 0 -1073741824,#t
3 3,1073741824 1073741824 0,#t
3 3,0 0 0,#t
3 3,1073741824 -2147483648 -1073741824,#t
3 3,0 -1073741824 -2147483648,#t
3 3,-1073741824 0 1073741824,#t
3 3,-2147483648 1073741824 1073741824,#t
3 3,-1073741824 -1073741824 -1073741824,#t
3 3,0 -2147483648 1073741824,#t
3 3,-1073741824 1073741824 0,#t
3 3,0 0 -1073741824,#t
3 3,-2147483648 1073741824 -2147483648,#t
3 3,-1073741824 1073741824 -2147483648,#t
3 3,-2147483648 1073741824 -1073741824,#t
3 3,-1073741824 0 0,#t
3 3,0 -1073741824 0,#t
3 4,1073741824 0 -2147483648,-1073741824;-2147483648;1073741824;0
3 4,0 -1073741824 -1073741824,-1073741824;-2147483648;1073741824;0
3 4,-1073741824 -2147483648 1073741824,-1073741824;-2147483648;1073741824
3 4,0 -2147483648 0,-2147483648;1073741824
3 4,-1073741824 -1073741824 -2147483648,-1073741824;-2147483648;1073741824;0
3 4,1073741824 0 1073741824,-1073741824;1073741824;0
3 4,-2147483648 -2147483648 1073741824,-1073741824;-2147483648;1073741824
3 4,1073741824 1073741824 -1073741824,-1073741824;-2147483648;1073741824;0
3 4,1073741824 -1073741824 0,1073741824;0
3 4,0 0 1073741824,-1073741824;1073741824;0
3 4,-1073741824 -2147483648 -1073741824,-1073741824;-2147483648;1073741824;0
3 4,-2147483648 0 0,-1073741824;0
3 4,-1073741824 0 -2147483648,-1073741824;-2147483648;1073741824;0
3 4,-2147483648 -1073741824 1073741824,-2147483648;1073741824;0
3 4,0 1073741824 1073741824,-1073741824;-2147483648;0
3 4,-1073741824 -1073741824 0,1073741824;0
3 4,-2147483648 0 -1073741824,-1073741824;-2147483648;1073741824;0
3 4,0 -1073741824 1073741824,-2147483648;1073741824;0
3 4,1073741824 -1073741824 1073741824,-2147483648;1073741824;0
3 4,0 -2147483648 -1073741824,-1073741824;-2147483648;1073741824;0
3 4,1073741824 1073741824 -2147483648,-1073741824;-2147483648;1073741824;0
3 4,0 0 -2147483648,-1073741824;-2147483648;1073741824;0
3 4,-1073741824 1073741824 1073741824,-1073741824;-2147483648;0
3 4,-2147483648 -1073741824 -1073741824,-1073741824;-2147483648;1073741824;0
3 4,1073741824 0 0,-1073741824;0
3 4,-2147483648 -1073741824 0,1073741824;0
3 4,1073741824 0 -1073741824,-1073741824;-2147483648;1073741824;0
3 4,-1073741824 -1073741824 1073741824,-2147483648;1073741824;0
3 4,0 1073741824 0,-1073741824;-2147483648
3 4,-1073741824 1073741824 -1073741824,-1073741824;-2147483648;1073741824;0
3 4,-2147483648 0 1073741824,-1073741824;1073741824;0
3 4,1073741824 -1073741824 -2147483648,-1073741824;-2147483648;1073741824;0
3 4,0 -2147483648 -2147483648,-1073741824;-2147483648;1073741824;0
3 4,1073741824 -1073741824 -1073741824,-1073741824;-2147483648;1073741824;0
3 4,-2147483648 0 -2147483648,-1073741824;-2147483648;1073741824;0
3 4,1073741824 -2147483648 1073741824,-1073741824;-2147483648;1073741824
3 4,-2147483648 -1073741824 -2147483648,-1073741824;-2147483648;1073741824;0
3 4,-2147483648 1073741824 0,-1073741824;-2147483648
3 4,1073741824 1073741824 1073741824,-1073741824;-2147483648;0
3 4,0 1073741824 -1073741824,-1073741824;-2147483648;1073741824;0
3 4,-2147483648 -2147483648 -2147483648,-1073741824;-2147483648;1073741824;0
3 4,-1073741824 -2147483648 -2147483648,-1073741824;-2147483648;1073741824;0
3 4,-2147483648 -2147483648 -1073741824,-1073741824;-2147483648;1073741824;0
3 4,1073741824 -2147483648 0,-2147483648;1073741824
3 4,-2147483648 -2147483648 0,-2147483648;1073741824
3 4,-1073741824 -2147483648 0,-2147483648;1073741824
3 4,1073741824 -2147483648 -2147483648,-1073741824;-2147483648;1073741824;0
3 4,0 1073741824 -2147483648,-1073741824;-2147483648;1073741824;0
3 4,-1073741824 0 -1073741824,-1073741824;-2147483648;1073741824;0
3 4,1073741824 1073741824 0,-1073741824;-2147483648
3 4,0 0 0,-1073741824;0
3 4,1073741824 -2147483648 -1073741824,-1073741824;-2147483648;1073741824;0
3 4,0 -1073741824 -2147483648,-1073741824;-2147483648;1073741824;0
3 4,-1073741824 0 1073741824,-1073741824;1073741824;0
3 4,-2147483648 1073741824 1073741824,-1073741824;-2147483648;0
3 4,-1073741824 -1073741824 -1073741824,-1073741824;-2147483648;1073741824;0
3 4,0 -2147483648 1073741824,-1073741824;-2147483648;1073741824
3 4,-1073741824 1073741824 0,-1073741824;-2147483648
3 4,0 0 -1073741824,-1073741824;-2147483648;1073741824;0
3 4,-2147483648 1073741824 -2147483648,-1073741824;-2147483648;1073741824;0
3 4,-1073741824 1073741824 -2147483648,-1073741824;-2147483648;1073741824;0
3 4,-2147483648 1073741824 -1073741824,-1073741824;-2147483648;1073741824;0
3 4,-1073741824 0 0,-1073741824;0
3 4,0 -1073741824 0,1073741824;0
3 5 1,-1073741824 -2147483648,-1073741824;0
3 5 1,-2147483648 -2147483648,1073741824;0
3 5 1,1073741824 -2147483648,-2147483648;1073741824
3 5 1,0 -2147483648,-1073741824;-2147483648
3 5 1,-1073741824 1073741824,1073741824;0
3 5 1,-2147483648 1073741824,-2147483648;1073741824
3 5 1,-1073741824 0,1073741824;0
3 5 1,-2147483648 0,-2147483648;1073741824
3 5 1,1073741824 0,-1073741824;-2147483648
3 5 1,0 0,-1073741824;0
3 5 1,1073741824 1073741824,-1073741824;-2147483648
3 5 1,0 1073741824,-1073741824;0
3 5 1,-1073741824 -1073741824,-1073741824;0
3 5 1,-2147483648 -1073741824,1073741824;0
3 5 1,1073741824 -1073741824,-2147483648;1073741824
3 5 1,0 -1073741824,-1073741824;-2147483648
3 6 1,-1073741824 -2147483648,-2147483648;1073741824
3 6 1,-2147483648 -2147483648,-1073741824;-2147483648
3 6 1,1073741824 -2147483648,-1073741824;0
3 6 1,0 -2147483648,1073741824;0
3 6 1,-1073741824 1073741824,1073741824;0
3 6 1,-2147483648 1073741824,-2147483648;1073741824
3 6 1,-1073741824 0,1073741824;0
3 6 1,-2147483648 0,-2147483648;1073741824
3 6 1,1073741824 0,-1073741824;-2147483648
3 6 1,0 0,-1073741824;0
3 6 1,1073741824 1073741824,-1073741824;-2147483648
3 6 1,0 1073741824,-1073741824;0
3 6 1,-1073741824 -1073741824,-2147483648;1073741824
3 6 1,-2147483648 -1073741824,-1073741824;-2147483648
3 6 1,1073741824 -1073741824,-1073741824;0
3 6 1,0 -1073741824,1073741824;0
7 2,1073741824 0 -2147483648,0
7 2,0 -1073741824 -1073741824,-1073741824
7 2,-1073741824 -2147483648 1073741824,0
7 2,0 -2147483648 0,0
7 2,-1073741824 -1073741824 -2147483648,-1073741824;-2147483648
7 2,1073741824 0 1073741824,0
7 2,-2147483648 -2147483648 1073741824,0
7 2,1073741824 1073741824 -1073741824,1073741824
7 2,1073741824 -1073741824 0,0
7 2,0 0 1073741824,0
7 2,-1073741824 -2147483648 -1073741824,-2147483648
7 2,-2147483648 0 0,0
7 2,-1073741824 0 -2147483648,0
7 2,-2147483648 -1073741824 1073741824,1073741824;0
7 2,0 1073741824 1073741824,1073741824;0
7 2,-1073741824 -1073741824 0,0
7 2,-2147483648 0 -1073741824,0
7 2,0 -1073741824 1073741824,1073741824;0
7 2,1073741824 -1073741824 1073741824,1073741824;0
7 2,0 -2147483648 -1073741824,-2147483648
7 2,1073741824 1073741824 -2147483648,1073741824;0
7 2,0 0 -2147483648,0
7 2,-1073741824 1073741824 1073741824,1073741824;0
7 2,-2147483648 -1073741824 -1073741824,-1073741824
7 2,1073741824 0 0,0
7 2,-2147483648 -1073741824 0,0
7 2,1073741824 0 -1073741824,0
7 2,-1073741824 -1073741824 1073741824,1073741824;0
7 2,0 1073741824 0,0
7 2,-1073741824 1073741824 -1073741824,1073741824
7 2,-2147483648 0 1073741824,0
7 2,1073741824 -1073741824 -2147483648,-1073741824;-2147483648
7 2,0 -2147483648 -2147483648,-2147483648
7 2,1073741824 -1073741824 -1073741824,-1073741824
7 2,-2147483648 0 -2147483648,0
7 2,1073741824 -2147483648 1073741824,0
7 2,-2147483648 -1073741824 -2147483648,-1073741824;-2147483648
7 2,-2147483648 1073741824 0,0
7 2,1073741824 1073741824 1073741824,1073741824;0
7 2,0 1073741824 -1073741824,1073741824
7 2,-2147483648 -2147483648 -2147483648,-2147483648
7 2,-1073741824 -2147483648 -2147483648,-2147483648
7 2,-2147483648 -2147483648 -1073741824,-2147483648
7 2,1073741824 -2147483648 0,0
7 2,-2147483648 -2147483648 0,0
7 2,-1073741824 -2147483648 0,0
7 2,1073741824 -2147483648 -2147483648,-2147483648
7 2,0 1073741824 -2147483648,1073741824;0
7 2,-1073741824 0 -1073741824,0
7 2,1073741824 1073741824 0,0
7 2,0 0 0,0
7 2,1073741824 -2147483648 -1073741824,-2147483648
7 2,0 -1073741824 -2147483648,-1073741824;-2147483648
7 2,-1073741824 0 1073741824,0
7 2,-2147483648 1073741824 1073741824,1073741824;0
7 2,-1073741824 -1073741824 -1073741824,-1073741824
7 2,0 -2147483648 1073741824,0
7 2,-1073741824 1073741824 0,0
7 2,0 0 -1073741824,0
7 2,-2147483648 1073741824 -2147483648,1073741824;0
7 2,-1073741824 1073741824 -2147483648,1073741824;0
7 2,-2147483648 1073741824 -1073741824,1073741824
7 2,-1073741824 0 0,0
7 2,0 -1073741824 0,0
7 3,1073741824 0 -2147483648,0
7 3,0 -1073741824 -1073741824,-1073741824;-2147483648;1073741824;0
7 3,-1073741824 -2147483648 1073741824,-2147483648;0
7 3,0 -2147483648 0,-2147483648;0
7 3,-1073741824 -1073741824 -2147483648,-1073741824;-2147483648;1073741824;0
7 3,1073741824 0 1073741824,0
7 3,-2147483648 -2147483648 1073741824,-2147483648;0
7 3,1073741824 1073741824 -1073741824,1073741824;0
7 3,1073741824 -1073741824 0,-1073741824;-2147483648;1073741824;0
7 3,0 0 1073741824,0
7 3,-1073741824 -2147483648 -1073741824,-2147483648;0
7 3,-2147483648 0 0,0
7 3,-1073741824 0 -2147483648,0
7 3,-2147483648 -1073741824 1073741824,-1073741824;-2147483648;1073741824;0
7 3,0 1073741824 1073741824,1073741824;0
7 3,-1073741824 -1073741824 0,-1073741824;-2147483648;1073741824;0
7 3,-2147483648 0 -1073741824,0
7 3,0 -1073741824 1073741824,-1073741824;-2147483648;1073741824;0
7 3,1073741824 -1073741824 1073741824,-1073741824;-2147483648;1073741824;0
7 3,0 -2147483648 -1073741824,-2147483648;0
7 3,1073741824 1073741824 -2147483648,1073741824;0
7 3,0 0 -2147483648,0
7 3,-1073741824 1073741824 1073741824,1073741824;0
7 3,-2147483648 -1073741824 -1073741824,-1073741824;-2147483648;1073741824;0
7 3,1073741824 0 0,0
7 3,-2147483648 -1073741824 0,-1073741824;-2147483648;1073741824;0
7 3,1073741824 0 -1073741824,0
7 3,-1073741824 -1073741824 1073741824,-1073741824;-2147483648;1073741824;0
7 3,0 1073741824 0,1073741824;0
7 3,-1073741824 1073741824 -1073741824,1073741824;0
7 3,-2147483648 0 1073741824,0
7 3,1073741824 -1073741824 -2147483648,-1073741824;-2147483648;1073741824;0
7 3,0 -2147483648 -2147483648,-2147483648;0
7 3,1073741824 -1073741824 -1073741824,-1073741824;-2147483648;1073741824;0
7 3,-2147483648 0 -2147483648,0
7 3,1073741824 -2147483648 1073741824,-2147483648;0
7 3,-2147483648 -1073741824 -2147483648,-1073741824;-2147483648;1073741824;0
7 3,-2147483648 1073741824 0,1073741824;0
7 3,1073741824 1073741824 1073741824,1073741824;0
7 3,0 1073741824 -1073741824,1073741824;0
7 3,-2147483648 -2147483648 -2147483648,-2147483648;0
7 3,-1073741824 -2147483648 -2147483648,-2147483648;0
7 3,-2147483648 -2147483648 -1073741824,-2147483648;0
7 3,1073741824 -2147483648 0,-2147483648;0
7 3,-2147483648 -2147483648 0,-2147483648;0
7 3,-1073741824 -2147483648 0,-2147483648;0
7 3,1073741824 -2147483648 -2147483648,-2147483648;0
7 3,0 1073741824 -2147483648,1073741824;0
7 3,-1073741824 0 -1073741824,0
7 3,1073741824 1073741824 0,1073741824;0
7 3,0 0 0,0
7 3,1073741824 -2147483648 -1073741824,-2147483648;0
7 3,0 -1073741824 -2147483648,-1073741824;-2147483648;1073741824;0
7 3,-1073741824 0 1073741824,0
7 3,-2147483648 1073741824 1073741824,1073741824;0
7 3,-1073741824 -1073741824 -1073741824,-1073741824;-2147483648;1073741824;0
7 3,0 -2147483648 1073741824,-2147483648;0
7 3,-1073741824 1073741824 0,1073741824;0
7 3,0 0 -1073741824,0
7 3,-2147483648 1073741824 -2147483648,1073741824;0
7 3,-1073741824 1073741824 -2147483648,1073741824;0
7 3,-2147483648 1073741824 -1073741824,1073741824;0
7 3,-1073741824 0 0,0
7 3,0 -1073741824 0,-1073741824;-2147483648;1073741824;0
7 4,1073741824 0 -2147483648,0
7 4,0 -1073741824 -1073741824,-1073741824;1073741824;0
7 4,-1073741824 -2147483648 1073741824,0
7 4,0 -2147483648 0,0
7 4,-1073741824 -1073741824 -2147483648,-2147483648;1073741824;0
7 4,1073741824 0 1073741824,0
7 4,-2147483648 -2147483648 1073741824,0
7 4,1073741824 1073741824 -1073741824,1073741824;0
7 4,1073741824 -1073741824 0,0
7 4,0 0 1073741824,0
7 4,-1073741824 -2147483648 -1073741824,-2147483648;0
7 4,-2147483648 0 0,0
7 4,-1073741824 0 -2147483648,0
7 4,-2147483648 -1073741824 1073741824,1073741824;0
7 4,0 1073741824 1073741824,1073741824;0
7 4,-1073741824 -1073741824 0,0
7 4,-2147483648 0 -1073741824,0
7 4,0 -1073741824 1073741824,1073741824;0
7 4,1073741824 -1073741824 1073741824,1073741824;0
7 4,0 -2147483648 -1073741824,-2147483648;0
7 4,1073741824 1073741824 -2147483648,1073741824;0
7 4,0 0 -2147483648,0
7 4,-1073741824 1073741824 1073741824,1073741824;0
7 4,-2147483648 -1073741824 -1073741824,-1073741824;1073741824;0
7 4,1073741824 0 0,0
7 4,-2147483648 -1073741824 0,0
7 4,1073741824 0 -1073741824,0
7 4,-1073741824 -1073741824 1073741824,1073741824;0
7 4,0 1073741824 0,0
7 4,-1073741824 1073741824 -1073741824,1073741824;0
7 4,-2147483648 0 1073741824,0
7 4,1073741824 -1073741824 -2147483648,-2147483648;1073741824;0
7 4,0 -2147483648 -2147483648,-2147483648;0
7 4,1073741824 -1073741824 -1073741824,-1073741824;1073741824;0
7 4,-2147483648 0 -2147483648,0
7 4,1073741824 -2147483648 1073741824,0
7 4,-2147483648 -1073741824 -2147483648,-2147483648;1073741824;0
7 4,-2147483648 1073741824 0,0
7 4,1073741824 1073741824 1073741824,1073741824;0
7 4,0 1073741824 -1073741824,1073741824;0
7 4,-2147483648 -2147483648 -2147483648,-2147483648;0
7 4,-1073741824 -2147483648 -2147483648,-2147483648;0
7 4,-2147483648 -2147483648 -1073741824,-2147483648;0
7 4,1073741824 -2147483648 0,0
7 4,-2147483648 -2147483648 0,0
7 4,-1073741824 -2147483648 0,0
7 4,1073741824 -2147483648 -2147483648,-2147483648;0
7 4,0 1073741824 -2147483648,1073741824;0
7 4,-1073741824 0 -1073741824,0
7 4,1073741824 1073741824 0,0
7 4,0 0 0,0
7 4,1073741824 -2147483648 -1073741824,-2147483648;0
7 4,0 -1073741824 -2147483648,-2147483648;1073741824;0
7 4,-1073741824 0 1073741824,0
7 4,-2147483648 1073741824 1073741824,1073741824;0
7 4,-1073741824 -1073741824 -1073741824,-1073741824;1073741824;0
7 4,0 -2147483648 1073741824,0
7 4,-1073741824 1073741824 0,0
7 4,0 0 -1073741824,0
7 4,-2147483648 1073741824 -2147483648,1073741824;0
7 4,-1073741824 1073741824 -2147483648,1073741824;0
7 4,-2147483648 1073741824 -1073741824,1073741824;0
7 4,-1073741824 0 0,0
7 4,0 -1073741824 0,0
8 2,1073741824 0 -2147483648,-1073741824;-2147483648
8 2,0 -1073741824 -1073741824,-1073741824
8 2,-1073741824 -2147483648 1073741824,-1073741824;-2147483648
8 2,0 -2147483648 0,-2147483648
8 2,-1073741824 -1073741824 -2147483648,-1073741824
8 2,1073741824 0 1073741824,1073741824;0
8 2,-2147483648 -2147483648 1073741824,-1073741824;-2147483648
8 2,1073741824 1073741824 -1073741824,-1073741824
8 2,1073741824 -1073741824 0,-1073741824
8 2,0 0 1073741824,1073741824;0
8 2,-1073741824 -2147483648 -1073741824,-1073741824
8 2,-2147483648 0 0,0
8 2,-1073741824 0 -2147483648,-1073741824;-2147483648
8 2,-2147483648 -1073741824 1073741824,-1073741824
8 2,0 1073741824 1073741824,1073741824
8 2,-1073741824 -1073741824 0,-1073741824
8 2,-2147483648 0 -1073741824,-1073741824
8 2,0 -1073741824 1073741824,-1073741824
8 2,1073741824 -1073741824 1073741824,-1073741824
8 2,0 -2147483648 -1073741824,-1073741824
8 2,1073741824 1073741824 -2147483648,-1073741824
8 2,0 0 -2147483648,-1073741824;-2147483648
8 2,-1073741824 1073741824 1073741824,1073741824
8 2,-2147483648 -1073741824 -1073741824,-1073741824
8 2,1073741824 0 0,0
8 2,-2147483648 -1073741824 0,-1073741824
8 2,1073741824 0 -1073741824,-1073741824
8 2,-1073741824 -1073741824 1073741824,-1073741824
8 2,0 1073741824 0,1073741824
8 2,-1073741824 1073741824 -1073741824,-1073741824
8 2,-2147483648 0 1073741824,1073741824;0
8 2,1073741824 -1073741824 -2147483648,-1073741824
8 2,0 -2147483648 -2147483648,-1073741824;-2147483648
8 2,1073741824 -1073741824 -1073741824,-1073741824
8 2,-2147483648 0 -2147483648,-1073741824;-2147483648
8 2,1073741824 -2147483648 1073741824,-1073741824;-2147483648
8 2,-2147483648 -1073741824 -2147483648,-1073741824
8 2,-2147483648 1073741824 0,1073741824
8 2,1073741824 1073741824 1073741824,1073741824
8 2,0 1073741824 -1073741824,-1073741824
8 2,-2147483648 -2147483648 -2147483648,-1073741824;-2147483648
8 2,-1073741824 -2147483648 -2147483648,-1073741824;-2147483648
8 2,-2147483648 -2147483648 -1073741824,-1073741824
8 2,1073741824 -2147483648 0,-2147483648
8 2,-2147483648 -2147483648 0,-2147483648
8 2,-1073741824 -2147483648 0,-2147483648
8 2,1073741824 -2147483648 -2147483648,-1073741824;-2147483648
8 2,0 1073741824 -2147483648,-1073741824
8 2,-1073741824 0 -1073741824,-1073741824
8 2,1073741824 1073741824 0,1073741824
8 2,0 0 0,0
8 2,1073741824 -2147483648 -1073741824,-1073741824
8 2,0 -1073741824 -2147483648,-1073741824
8 2,-1073741824 0 1073741824,1073741824;0
8 2,-2147483648 1073741824 1073741824,1073741824
8 2,-1073741824 -1073741824 -1073741824,-1073741824
8 2,0 -2147483648 1073741824,-1073741824;-2147483648
8 2,-1073741824 1073741824 0,1073741824
8 2,0 0 -1073741824,-1073741824
8 2,-2147483648 1073741824 -2147483648,-1073741824
8 2,-1073741824 1073741824 -2147483648,-1073741824
8 2,-2147483648 1073741824 -1073741824,-1073741824
8 2,-1073741824 0 0,0
8 2,0 -1073741824 0,-1073741824
8 3,1073741824 0 -2147483648,-1073741824;-2147483648;1073741824;0
8 3,0 -1073741824 -1073741824,-1073741824
8 3,-1073741824 -2147483648 1073741824,-1073741824;-2147483648
8 3,0 -2147483648 0,-1073741824;-2147483648
8 3,-1073741824 -1073741824 -2147483648,-1073741824
8 3,1073741824 0 1073741824,-1073741824;-2147483648;1073741824;0
8 3,-2147483648 -2147483648 1073741824,-1073741824;-2147483648
8 3,1073741824 1073741824 -1073741824,-1073741824;1073741824
8 3,1073741824 -1073741824 0,-1073741824
8 3,0 0 1073741824,-1073741824;-2147483648;1073741824;0
8 3,-1073741824 -2147483648 -1073741824,-1073741824;-2147483648
8 3,-2147483648 0 0,#t
8 3,-1073741824 0 -2147483648,-1073741824;-2147483648;1073741824;0
8 3,-2147483648 -1073741824 1073741824,-1073741824
8 3,0 1073741824 1073741824,-1073741824;1073741824
8 3,-1073741824 -1073741824 0,-1073741824
8 3,-2147483648 0 -1073741824,-1073741824;-2147483648;1073741824;0
8 3,0 -1073741824 1073741824,-1073741824
8 3,1073741824 -1073741824 1073741824,-1073741824
8 3,0 -2147483648 -1073741824,-1073741824;-2147483648
8 3,1073741824 1073741824 -2147483648,-1073741824;1073741824
8 3,0 0 -2147483648,-1073741824;-2147483648;1073741824;0
8 3,-1073741824 1073741824 1073741824,-1073741824;1073741824
8 3,-2147483648 -1073741824 -1073741824,-1073741824
8 3,1073741824 0 0,#t
8 3,-2147483648 -1073741824 0,-1073741824
8 3,1073741824 0 -1073741824,-1073741824;-2147483648;1073741824;0
8 3,-1073741824 -1073741824 1073741824,-1073741824
8 3,0 1073741824 0,-1073741824;1073741824
8 3,-1073741824 1073741824 -1073741824,-1073741824;1073741824
8 3,-2147483648 0 1073741824,-1073741824;-2147483648;1073741824;0
8 3,1073741824 -1073741824 -2147483648,-1073741824
8 3,0 -2147483648 -2147483648,-1073741824;-2147483648
8 3,1073741824 -1073741824 -1073741824,-1073741824
8 3,-2147483648 0 -2147483648,-1073741824;-2147483648;1073741824;0
8 3,1073741824 -2147483648 1073741824,-1073741824;-2147483648
8 3,-2147483648 -1073741824 -2147483648,-1073741824
8 3,-2147483648 1073741824 0,-1073741824;1073741824
8 3,1073741824 1073741824 1073741824,-1073741824;1073741824
8 3,0 1073741824 -1073741824,-1073741824;1073741824
8 3,-2147483648 -2147483648 -2147483648,-1073741824;-2147483648
8 3,-1073741824 -2147483648 -2147483648,-1073741824;-2147483648
8 3,-2147483648 -2147483648 -1073741824,-1073741824;-2147483648
8 3,1073741824 -2147483648 0,-1073741824;-2147483648
8 3,-2147483648 -2147483648 0,-1073741824;-2147483648
8 3,-1073741824 -2147483648 0,-1073741824;-2147483648
8 3,1073741824 -2147483648 -2147483648,-1073741824;-2147483648
8 3,0 1073741824 -2147483648,-1073741824;1073741824
8 3,-1073741824 0 -1073741824,-1073741824;-2147483648;1073741824;0
8 3,1073741824 1073741824 0,-1073741824;1073741824
8 3,0 0 0,#t
8 3,1073741824 -2147483648 -1073741824,-1073741824;-2147483648
8 3,0 -1073741824 -2147483648,-1073741824
8 3,-1073741824 0 1073741824,-1073741824;-2147483648;1073741824;0
8 3,-2147483648 1073741824 1073741824,-1073741824;1073741824
8 3,-1073741824 -1073741824 -1073741824,-1073741824
8 3,0 -2147483648 1073741824,-1073741824;-2147483648
8 3,-1073741824 1073741824 0,-1073741824;1073741824
8 3,0 0 -1073741824,-1073741824;-2147483648;1073741824;0
8 3,-2147483648 1073741824 -2147483648,-1073741824;1073741824
8 3,-1073741824 1073741824 -2147483648,-1073741824;1073741824
8 3,-2147483648 1073741824 -1073741824,-1073741824;1073741824
8 3,-1073741824 0 0,#t
8 3,0 -1073741824 0,-1073741824
8 4,1073741824 0 -2147483648,-2147483648;1073741824;0
8 4,0 -1073741824 -1073741824,-1073741824
8 4,-1073741824 -2147483648 1073741824,-1073741824;-2147483648
8 4,0 -2147483648 0,-2147483648
8 4,-1073741824 -1073741824 -2147483648,-1073741824
8 4,1073741824 0 1073741824,1073741824;0
8 4,-2147483648 -2147483648 1073741824,-1073741824;-2147483648
8 4,1073741824 1073741824 -1073741824,-1073741824;1073741824
8 4,1073741824 -1073741824 0,-1073741824
8 4,0 0 1073741824,1073741824;0
8 4,-1073741824 -2147483648 -1073741824,-1073741824;-2147483648
8 4,-2147483648 0 0,0
8 4,-1073741824 0 -2147483648,-2147483648;1073741824;0
8 4,-2147483648 -1073741824 1073741824,-1073741824
8 4,0 1073741824 1073741824,1073741824
8 4,-1073741824 -1073741824 0,-1073741824
8 4,-2147483648 0 -1073741824,-1073741824;1073741824;0
8 4,0 -1073741824 1073741824,-1073741824
8 4,1073741824 -1073741824 1073741824,-1073741824
8 4,0 -2147483648 -1073741824,-1073741824;-2147483648
8 4,1073741824 1073741824 -2147483648,-1073741824;1073741824
8 4,0 0 -2147483648,-2147483648;1073741824;0
8 4,-1073741824 1073741824 1073741824,1073741824
8 4,-2147483648 -1073741824 -1073741824,-1073741824
8 4,1073741824 0 0,0
8 4,-2147483648 -1073741824 0,-1073741824
8 4,1073741824 0 -1073741824,-1073741824;1073741824;0
8 4,-1073741824 -1073741824 1073741824,-1073741824
8 4,0 1073741824 0,1073741824
8 4,-1073741824 1073741824 -1073741824,-1073741824;1073741824
8 4,-2147483648 0 1073741824,1073741824;0
8 4,1073741824 -1073741824 -2147483648,-1073741824
8 4,0 -2147483648 -2147483648,-1073741824;-2147483648
8 4,1073741824 -1073741824 -1073741824,-1073741824
8 4,-2147483648 0 -2147483648,-2147483648;1073741824;0
8 4,1073741824 -2147483648 1073741824,-1073741824;-2147483648
8 4,-2147483648 -1073741824 -2147483648,-1073741824
8 4,-2147483648 1073741824 0,1073741824
8 4,1073741824 1073741824 1073741824,1073741824
8 4,0 1073741824 -1073741824,-1073741824;1073741824
8 4,-2147483648 -2147483648 -2147483648,-1073741824;-2147483648
8 4,-1073741824 -2147483648 -2147483648,-1073741824;-2147483648
8 4,-2147483648 -2147483648 -1073741824,-1073741824;-2147483648
8 4,1073741824 -2147483648 0,-2147483648
8 4,-2147483648 -2147483648 0,-2147483648
8 4,-1073741824 -2147483648 0,-2147483648
8 4,1073741824 -2147483648 -2147483648,-1073741824;-2147483648
8 4,0 1073741824 -2147483648,-1073741824;1073741824
8 4,-1073741824 0 -1073741824,-1073741824;1073741824;0
8 4,1073741824 1073741824 0,1073741824
8 4,0 0 0,0
8 4,1073741824 -2147483648 -1073741824,-1073741824;-2147483648
8 4,0 -1073741824 -2147483648,-1073741824
8 4,-1073741824 0 1073741824,1073741824;0
8 4,-2147483648 1073741824 1073741824,1073741824
8 4,-1073741824 -1073741824 -1073741824,-1073741824
8 4,0 -2147483648 1073741824,-1073741824;-2147483648
8 4,-1073741824 1073741824 0,1073741824
8 4,0 0 -1073741824,-1073741824;1073741824;0
8 4,-2147483648 1073741824 -2147483648,-1073741824;1073741824
8 4,-1073741824 1073741824 -2147483648,-1073741824;1073741824
8 4,-2147483648 1073741824 -1073741824,-1073741824;1073741824
8 4,-1073741824 0 0,0
8 4,0 -1073741824 0,-1073741824
9 2,1073741824 0 -2147483648,-1073741824;-2147483648
9 2,0 -1073741824 -1073741824,0
9 2,-1073741824 -2147483648 1073741824,-1073741824;-2147483648
9 2,0 -2147483648 0,-2147483648
9 2,-1073741824 -1073741824 -2147483648,1073741824;0
9 2,1073741824 0 1073741824,1073741824;0
9 2,-2147483648 -2147483648 1073741824,-1073741824;-2147483648
9 2,1073741824 1073741824 -1073741824,-2147483648
9 2,1073741824 -1073741824 0,-1073741824
9 2,0 0 1073741824,1073741824;0
9 2,-1073741824 -2147483648 -1073741824,1073741824
9 2,-2147483648 0 0,0
9 2,-1073741824 0 -2147483648,-1073741824;-2147483648
9 2,-2147483648 -1073741824 1073741824,-1073741824;-2147483648
9 2,0 1073741824 1073741824,1073741824;0
9 2,-1073741824 -1073741824 0,-1073741824
9 2,-2147483648 0 -1073741824,-1073741824
9 2,0 -1073741824 1073741824,-1073741824;-2147483648
9 2,1073741824 -1073741824 1073741824,-1073741824;-2147483648
9 2,0 -2147483648 -1073741824,1073741824
9 2,1073741824 1073741824 -2147483648,-1073741824;-2147483648
9 2,0 0 -2147483648,-1073741824;-2147483648
9 2,-1073741824 1073741824 1073741824,1073741824;0
9 2,-2147483648 -1073741824 -1073741824,0
9 2,1073741824 0 0,0
9 2,-2147483648 -1073741824 0,-1073741824
9 2,1073741824 0 -1073741824,-1073741824
9 2,-1073741824 -1073741824 1073741824,-1073741824;-2147483648
9 2,0 1073741824 0,1073741824
9 2,-1073741824 1073741824 -1073741824,-2147483648
9 2,-2147483648 0 1073741824,1073741824;0
9 2,1073741824 -1073741824 -2147483648,1073741824;0
9 2,0 -2147483648 -2147483648,1073741824;0
9 2,1073741824 -1073741824 -1073741824,0
9 2,-2147483648 0 -2147483648,-1073741824;-2147483648
9 2,1073741824 -2147483648 1073741824,-1073741824;-2147483648
9 2,-2147483648 -1073741824 -2147483648,1073741824;0
9 2,-2147483648 1073741824 0,1073741824
9 2,1073741824 1073741824 1073741824,1073741824;0
9 2,0 1073741824 -1073741824,-2147483648
9 2,-2147483648 -2147483648 -2147483648,1073741824;0
9 2,-1073741824 -2147483648 -2147483648,1073741824;0
9 2,-2147483648 -2147483648 -1073741824,1073741824
9 2,1073741824 -2147483648 0,-2147483648
9 2,-2147483648 -2147483648 0,-2147483648
9 2,-1073741824 -2147483648 0,-2147483648
9 2,1073741824 -2147483648 -2147483648,1073741824;0
9 2,0 1073741824 -2147483648,-1073741824;-2147483648
9 2,-1073741824 0 -1073741824,-1073741824
9 2,1073741824 1073741824 0,1073741824
9 2,0 0 0,0
9 2,1073741824 -2147483648 -1073741824,1073741824
9 2,0 -1073741824 -2147483648,1073741824;0
9 2,-1073741824 0 1073741824,1073741824;0
9 2,-2147483648 1073741824 1073741824,1073741824;0
9 2,-1073741824 -1073741824 -1073741824,0
9 2,0 -2147483648 1073741824,-1073741824;-2147483648
9 2,-1073741824 1073741824 0,1073741824
9 2,0 0 -1073741824,-1073741824
9 2,-2147483648 1073741824 -2147483648,-1073741824;-2147483648
9 2,-1073741824 1073741824 -2147483648,-1073741824;-2147483648
9 2,-2147483648 1073741824 -1073741824,-2147483648
9 2,-1073741824 0 0,0
9 2,0 -1073741824 0,-1073741824
9 3,1073741824 0 -2147483648,#t
9 3,0 -1073741824 -1073741824,#t
9 3,-1073741824 -2147483648 1073741824,#t
9 3,0 -2147483648 0,#t
9 3,-1073741824 -1073741824 -2147483648,#t
9 3,1073741824 0 1073741824,#t
9 3,-2147483648 -2147483648 1073741824,#t
9 3,1073741824 1073741824 -1073741824,#t
9 3,1073741824 -1073741824 0,#t
9 3,0 0 1073741824,#t
9 3,-1073741824 -2147483648 -1073741824,#t
9 3,-2147483648 0 0,#t
9 3,-1073741824 0 -2147483648,#t
9 3,-2147483648 -1073741824 1073741824,#t
9 3,0 1073741824 1073741824,#t
9 3,-1073741824 -1073741824 0,#t
9 3,-2147483648 0 -1073741824,#t
9 3,0 -1073741824 1073741824,#t
9 3,1073741824 -1073741824 1073741824,#t
9 3,0 -2147483648 -1073741824,#t
9 3,1073741824 1073741824 -2147483648,#t
9 3,0 0 -2147483648,#t
9 3,-1073741824 1073741824 1073741824,#t
9 3,-2147483648 -1073741824 -1073741824,#t
9 3,1073741824 0 0,#t
9 3,-2147483648 -1073741824 0,#t
9 3,1073741824 0 -1073741824,#t
9 3,-1073741824 -1073741824 1073741824,#t
9 3,0 1073741824 0,#t
9 3,-1073741824 1073741824 -1073741824,#t
9 3,-2147483648 0 1073741824,#t
9 3,1073741824 -1073741824 -2147483648,#t
9 3,0 -2147483648 -2147483648,#t
9 3,1073741824 -1073741824 -1073741824,#t
9 3,-2147483648 0 -2147483648,#t
9 3,1073741824 -2147483648 1073741824,#t
9 3,-2147483648 -1073741824 -2147483648,#t
9 3,-2147483648 1073741824 0,#t
9 3,1073741824 1073741824 1073741824,#t
9 3,0 1073741824 -1073741824,#t
9 3,-2147483648 -2147483648 -2147483648,#t
9 3,-1073741824 -2147483648 -2147483648,#t
9 3,-2147483648 -2147483648 -1073741824,#t
9 3,1073741824 -2147483648 0,#t
9 3,-2147483648 -2147483648 0,#t
9 3,-1073741824 -2147483648 0,#t
9 3,1073741824 -2147483648 -2147483648,#t
9 3,0 1073741824 -2147483648,#t
9 3,-1073741824 0 -1073741824,#t
9 3,1073741824 1073741824 0,#t
9 3,0 0 0,#t
9 3,1073741824 -2147483648 -1073741824,#t
9 3,0 -1073741824 -2147483648,#t
9 3,-1073741824 0 1073741824,#t
9 3,-2147483648 1073741824 1073741824,#t
9 3,-1073741824 -1073741824 -1073741824,#t
9 3,0 -2147483648 1073741824,#t
9 3,-1073741824 1073741824 0,#t
9 3,0 0 -1073741824,#t
9 3,-2147483648 1073741824 -2147483648,#t
9 3,-1073741824 1073741824 -2147483648,#t
9 3,-2147483648 1073741824 -1073741824,#t
9 3,-1073741824 0 0,#t
9 3,0 -1073741824 0,#t
9 4,1073741824 0 -2147483648,-2147483648;1073741824;0
9 4,0 -1073741824 -1073741824,-1073741824;-2147483648;0
9 4,-1073741824 -2147483648 1073741824,-1073741824;-2147483648
9 4,0 -2147483648 0,-2147483648
9 4,-1073741824 -1073741824 -2147483648,-1073741824;-2147483648;1073741824
9 4,1073741824 0 1073741824,1073741824;0
9 4,-2147483648 -2147483648 1073741824,-1073741824;-2147483648
9 4,1073741824 1073741824 -1073741824,-2147483648;1073741824;0
9 4,1073741824 -1073741824 0,-1073741824
9 4,0 0 1073741824,1073741824;0
9 4,-1073741824 -2147483648 -1073741824,-1073741824;-2147483648;1073741824
9 4,-2147483648 0 0,0
9 4,-1073741824 0 -2147483648,-2147483648;1073741824;0
9 4,-2147483648 -1073741824 1073741824,-1073741824;-2147483648
9 4,0 1073741824 1073741824,1073741824;0
9 4,-1073741824 -1073741824 0,-1073741824
9 4,-2147483648 0 -1073741824,-1073741824;1073741824;0
9 4,0 -1073741824 1073741824,-1073741824;-2147483648
9 4,1073741824 -1073741824 1073741824,-1073741824;-2147483648
9 4,0 -2147483648 -1073741824,-1073741824;-2147483648;1073741824
9 4,1073741824 1073741824 -2147483648,-1073741824;1073741824;0
9 4,0 0 -2147483648,-2147483648;1073741824;0
9 4,-1073741824 1073741824 1073741824,1073741824;0
9 4,-2147483648 -1073741824 -1073741824,-1073741824;-2147483648;0
9 4,1073741824 0 0,0
9 4,-2147483648 -1073741824 0,-1073741824
9 4,1073741824 0 -1073741824,-1073741824;1073741824;0
9 4,-1073741824 -1073741824 1073741824,-1073741824;-2147483648
9 4,0 1073741824 0,1073741824
9 4,-1073741824 1073741824 -1073741824,-2147483648;1073741824;0
9 4,-2147483648 0 1073741824,1073741824;0
9 4,1073741824 -1073741824 -2147483648,-1073741824;-2147483648;1073741824
9 4,0 -2147483648 -2147483648,-1073741824;-2147483648;0
9 4,1073741824 -1073741824 -1073741824,-1073741824;-2147483648;0
9 4,-2147483648 0 -2147483648,-2147483648;1073741824;0
9 4,1073741824 -2147483648 1073741824,-1073741824;-2147483648
9 4,-2147483648 -1073741824 -2147483648,-1073741824;-2147483648;1073741824
9 4,-2147483648 1073741824 0,1073741824
9 4,1073741824 1073741824 1073741824,1073741824;0
9 4,0 1073741824 -1073741824,-2147483648;1073741824;0
9 4,-2147483648 -2147483648 -2147483648,-1073741824;-2147483648;0
9 4,-1073741824 -2147483648 -2147483648,-1073741824;-2147483648;0
9 4,-2147483648 -2147483648 -1073741824,-1073741824;-2147483648;1073741824
9 4,1073741824 -2147483648 0,-2147483648
9 4,-2147483648 -2147483648 0,-2147483648
9 4,-1073741824 -2147483648 0,-2147483648
9 4,1073741824 -2147483648 -2147483648,-1073741824;-2147483648;0
9 4,0 1073741824 -2147483648,-1073741824;1073741824;0
9 4,-1073741824 0 -1073741824,-1073741824;1073741824;0
9 4,1073741824 1073741824 0,1073741824
9 4,0 0 0,0
9 4,1073741824 -2147483648 -1073741824,-1073741824;-2147483648;1073741824
9 4,0 -1073741824 -2147483648,-1073741824;-2147483648;1073741824
9 4,-1073741824 0 1073741824,1073741824;0
9 4,-2147483648 1073741824 1073741824,1073741824;0
9 4,-1073741824 -1073741824 -1073741824,-1073741824;-2147483648;0
9 4,0 -2147483648 1073741824,-1073741824;-2147483648
9 4,-1073741824 1073741824 0,1073741824
9 4,0 0 -1073741824,-1073741824;1073741824;0
9 4,-2147483648 1073741824 -2147483648,-1073741824;1073741824;0
9 4,-1073741824 1073741824 -2147483648,-1073741824;1073741824;0
9 4,-2147483648 1073741824 -1073741824,-2147483648;1073741824;0
9 4,-1073741824 0 0,0
9 4,0 -1073741824 0,-1073741824
10 2,1073741824 0 -2147483648,0
10 2,0 -1073741824 -1073741824,0
10 2,-1073741824 -2147483648 1073741824,-2147483648
10 2,0 -2147483648 0,-2147483648
10 2,-1073741824 -1073741824 -2147483648,1073741824;0
10 2,1073741824 0 1073741824,0
10 2,-2147483648 -2147483648 1073741824,-2147483648
10 2,1073741824 1073741824 -1073741824,0
10 2,1073741824 -1073741824 0,-1073741824
10 2,0 0 1073741824,0
10 2,-1073741824 -2147483648 -1073741824,0
10 2,-2147483648 0 0,0
10 2,-1073741824 0 -2147483648,0
10 2,-2147483648 -1073741824 1073741824,-1073741824;-2147483648
10 2,0 1073741824 1073741824,1073741824;0
10 2,-1073741824 -1073741824 0,-1073741824
10 2,-2147483648 0 -1073741824,0
10 2,0 -1073741824 1073741824,-1073741824;-2147483648
10 2,1073741824 -1073741824 1073741824,-1073741824;-2147483648
10 2,0 -2147483648 -1073741824,0
10 2,1073741824 1073741824 -2147483648,1073741824;0
10 2,0 0 -2147483648,0
10 2,-1073741824 1073741824 1073741824,1073741824;0
10 2,-2147483648 -1073741824 -1073741824,0
10 2,1073741824 0 0,0
10 2,-2147483648 -1073741824 0,-1073741824
10 2,1073741824 0 -1073741824,0
10 2,-1073741824 -1073741824 1073741824,-1073741824;-2147483648
10 2,0 1073741824 0,1073741824
10 2,-1073741824 1073741824 -1073741824,0
10 2,-2147483648 0 1073741824,0
10 2,1073741824 -1073741824 -2147483648,1073741824;0
10 2,0 -2147483648 -2147483648,0
10 2,1073741824 -1073741824 -1073741824,0
10 2,-2147483648 0 -2147483648,0
10 2,1073741824 -2147483648 1073741824,-2147483648
10 2,-2147483648 -1073741824 -2147483648,1073741824;0
10 2,-2147483648 1073741824 0,1073741824
10 2,1073741824 1073741824 1073741824,1073741824;0
10 2,0 1073741824 -1073741824,0
10 2,-2147483648 -2147483648 -2147483648,0
10 2,-1073741824 -2147483648 -2147483648,0
10 2,-2147483648 -2147483648 -1073741824,0
10 2,1073741824 -2147483648 0,-2147483648
10 2,-2147483648 -2147483648 0,-2147483648
10 2,-1073741824 -2147483648 0,-2147483648
10 2,1073741824 -2147483648 -2147483648,0
10 2,0 1073741824 -2147483648,1073741824;0
10 2,-1073741824 0 -1073741824,0
10 2,1073741824 1073741824 0,1073741824
10 2,0 0 0,0
10 2,1073741824 -2147483648 -1073741824,0
10 2,0 -1073741824 -2147483648,1073741824;0
10 2,-1073741824 0 1073741824,0
10 2,-2147483648 1073741824 1073741824,1073741824;0
10 2,-1073741824 -1073741824 -1073741824,0
10 2,0 -2147483648 1073741824,-2147483648
10 2,-1073741824 1073741824 0,1073741824
10 2,0 0 -1073741824,0
10 2,-2147483648 1073741824 -2147483648,1073741824;0
10 2,-1073741824 1073741824 -2147483648,1073741824;0
10 2,-2147483648 1073741824 -1073741824,0
10 2,-1073741824 0 0,0
10 2,0 -1073741824 0,-1073741824
10 3,1073741824 0 -2147483648,0
10 3,0 -1073741824 -1073741824,-1073741824;-2147483648;1073741824;0
10 3,-1073741824 -2147483648 1073741824,-2147483648;0
10 3,0 -2147483648 0,-2147483648;0
10 3,-1073741824 -1073741824 -2147483648,-1073741824;-2147483648;1073741824;0
10 3,1073741824 0 1073741824,0
10 3,-2147483648 -2147483648 1073741824,-2147483648;0
10 3,1073741824 1073741824 -1073741824,1073741824;0
10 3,1073741824 -1073741824 0,-1073741824;-2147483648;1073741824;0
10 3,0 0 1073741824,0
10 3,-1073741824 -2147483648 -1073741824,-2147483648;0
10 3,-2147483648 0 0,0
10 3,-1073741824 0 -2147483648,0
10 3,-2147483648 -1073741824 1073741824,-1073741824;-2147483648;1073741824;0
10 3,0 1073741824 1073741824,1073741824;0
10 3,-1073741824 -1073741824 0,-1073741824;-2147483648;1073741824;0
10 3,-2147483648 0 -1073741824,0
10 3,0 -1073741824 1073741824,-1073741824;-2147483648;1073741824;0
10 3,1073741824 -1073741824 1073741824,-1073741824;-2147483648;1073741824;0
10 3,0 -2147483648 -1073741824,-2147483648;0
10 3,1073741824 1073741824 -2147483648,1073741824;0
10 3,0 0 -2147483648,0
10 3,-1073741824 1073741824 1073741824,1073741824;0
10 3,-2147483648 -1073741824 -1073741824,-1073741824;-2147483648;1073741824;0
10 3,1073741824 0 0,0
10 3,-2147483648 -1073741824 0,-1073741824;-2147483648;1073741824;0
10 3,1073741824 0 -1073741824,0
10 3,-1073741824 -1073741824 1073741824,-1073741824;-2147483648;1073741824;0
10 3,0 1073741824 0,1073741824;0
10 3,-1073741824 1073741824 -1073741824,1073741824;0
10 3,-2147483648 0 1073741824,0
10 3,1073741824 -1073741824 -2147483648,-1073741824;-2147483648;1073741824;0
10 3,0 -2147483648 -2147483648,-2147483648;0
10 3,1073741824 -1073741824 -1073741824,-1073741824;-2147483648;1073741824;0
10 3,-2147483648 0 -2147483648,0
10 3,1073741824 -2147483648 1073741824,-2147483648;0
10 3,-2147483648 -1073741824 -2147483648,-1073741824;-2147483648;1073741824;0
10 3,-2147483648 1073741824 0,1073741824;0
10 3,1073741824 1073741824 1073741824,1073741824;0
10 3,0 1073741824 -1073741824,1073741824;0
10 3,-2147483648 -2147483648 -2147483648,-2147483648;0
10 3,-1073741824 -2147483648 -2147483648,-2147483648;0
10 3,-2147483648 -2147483648 -1073741824,-2147483648;0
10 3,1073741824 -2147483648 0,-2147483648;0
10 3,-2147483648 -2147483648 0,-2147483648;0
10 3,-1073741824 -2147483648 0,-2147483648;0
10 3,1073741824 -2147483648 -2147483648,-2147483648;0
10 3,0 1073741824 -2147483648,1073741824;0
10 3,-1073741824 0 -1073741824,0
10 3,1073741824 1073741824 0,1073741824;0
10 3,0 0 0,0
10 3,1073741824 -2147483648 -1073741824,-2147483648;0
10 3,0 -1073741824 -2147483648,-1073741824;-2147483648;1073741824;0
10 3,-1073741824 0 1073741824,0
10 3,-2147483648 1073741824 1073741824,1073741824;0
10 3,-1073741824 -1073741824 -1073741824,-1073741824;-2147483648;1073741824;0
10 3,0 -2147483648 1073741824,-2147483648;0
10 3,-1073741824 1073741824 0,1073741824;0
10 3,0 0 -1073741824,0
10 3,-2147483648 1073741824 -2147483648,1073741824;0
10 3,-1073741824 1073741824 -2147483648,1073741824;0
10 3,-2147483648 1073741824 -1073741824,1073741824;0
10 3,-1073741824 0 0,0
10 3,0 -1073741824 0,-1073741824;-2147483648;1073741824;0
10 4,1073741824 0 -2147483648,0
10 4,0 -1073741824 -1073741824,-1073741824;-2147483648;0
10 4,-1073741824 -2147483648 1073741824,-2147483648
10 4,0 -2147483648 0,-2147483648
10 4,-1073741824 -1073741824 -2147483648,-1073741824;-2147483648;1073741824
10 4,1073741824 0 1073741824,0
10 4,-2147483648 -2147483648 1073741824,-2147483648
10 4,1073741824 1073741824 -1073741824,1073741824;0
10 4,1073741824 -1073741824 0,-1073741824
10 4,0 0 1073741824,0
10 4,-1073741824 -2147483648 -1073741824,-2147483648;0
10 4,-2147483648 0 0,0
10 4,-1073741824 0 -2147483648,0
10 4,-2147483648 -1073741824 1073741824,-1073741824;-2147483648
10 4,0 1073741824 1073741824,1073741824;0
10 4,-1073741824 -1073741824 0,-1073741824
10 4,-2147483648 0 -1073741824,0
10 4,0 -1073741824 1073741824,-1073741824;-2147483648
10 4,1073741824 -1073741824 1073741824,-1073741824;-2147483648
10 4,0 -2147483648 -1073741824,-2147483648;0
10 4,1073741824 1073741824 -2147483648,1073741824;0
10 4,0 0 -2147483648,0
10 4,-1073741824 1073741824 1073741824,1073741824;0
10 4,-2147483648 -1073741824 -1073741824,-1073741824;-2147483648;0
10 4,1073741824 0 0,0
10 4,-2147483648 -1073741824 0,-1073741824
10 4,1073741824 0 -1073741824,0
10 4,-1073741824 -1073741824 1073741824,-1073741824;-2147483648
10 4,0 1073741824 0,1073741824
10 4,-1073741824 1073741824 -1073741824,1073741824;0
10 4,-2147483648 0 1073741824,0
10 4,1073741824 -1073741824 -2147483648,-1073741824;-2147483648;1073741824
10 4,0 -2147483648 -2147483648,-2147483648;0
10 4,1073741824 -1073741824 -1073741824,-1073741824;-2147483648;0
10 4,-2147483648 0 -2147483648,0
10 4,1073741824 -2147483648 1073741824,-2147483648
10 4,-2147483648 -1073741824 -2147483648,-1073741824;-2147483648;1073741824
10 4,-2147483648 1073741824 0,1073741824
10 4,1073741824 1073741824 1073741824,1073741824;0
10 4,0 1073741824 -1073741824,1073741824;0
10 4,-2147483648 -2147483648 -2147483648,-2147483648;0
10 4,-1073741824 -2147483648 -2147483648,-2147483648;0
10 4,-2147483648 -2147483648 -1073741824,-2147483648;0
10 4,1073741824 -2147483648 0,-2147483648
10 4,-2147483648 -2147483648 0,-2147483648
10 4,-1073741824 -2147483648 0,-2147483648
10 4,1073741824 -2147483648 -2147483648,-2147483648;0
10 4,0 1073741824 -2147483648,1073741824;0
10 4,-1073741824 0 -1073741824,0
10 4,1073741824 1073741824 0,1073741824
10 4,0 0 0,0
10 4,1073741824 -2147483648 -1073741824,-2147483648;0
10 4,0 -1073741824 -2147483648,-1073741824;-2147483648;1073741824
10 4,-1073741824 0 1073741824,0
10 4,-2147483648 1073741824 1073741824,1073741824;0
10 4,-1073741824 -1073741824 -1073741824,-1073741824;-2147483648;0
10 4,0 -2147483648 1073741824,-2147483648
10 4,-1073741824 1073741824 0,1073741824
10 4,0 0 -1073741824,0
10 4,-2147483648 1073741824 -2147483648,1073741824;0
10 4,-1073741824 1073741824 -2147483648,1073741824;0
10 4,-2147483648 1073741824 -1073741824,1073741824;0
10 4,-1073741824 0 0,0
10 4,0 -1073741824 0,-1073741824
11 2,1073741824 0 -2147483648,1073741824;0
11 2,0 -1073741824 -1073741824,-1073741824
11 2,-1073741824 -2147483648 1073741824,-1073741824;-2147483648
11 2,0 -2147483648 0,-1073741824
11 2,-1073741824 -1073741824 -2147483648,-1073741824
11 2,1073741824 0 1073741824,-1073741824;-2147483648
11 2,-2147483648 -2147483648 1073741824,-1073741824;-2147483648
11 2,1073741824 1073741824 -1073741824,1073741824
11 2,1073741824 -1073741824 0,-1073741824
11 2,0 0 1073741824,-1073741824;-2147483648
11 2,-1073741824 -2147483648 -1073741824,-2147483648
11 2,-2147483648 0 0,-1073741824
11 2,-1073741824 0 -2147483648,1073741824;0
11 2,-2147483648 -1073741824 1073741824,-1073741824
11 2,0 1073741824 1073741824,-1073741824
11 2,-1073741824 -1073741824 0,-1073741824
11 2,-2147483648 0 -1073741824,0
11 2,0 -1073741824 1073741824,-1073741824
11 2,1073741824 -1073741824 1073741824,-1073741824
11 2,0 -2147483648 -1073741824,-2147483648
11 2,1073741824 1073741824 -2147483648,1073741824
11 2,0 0 -2147483648,1073741824;0
11 2,-1073741824 1073741824 1073741824,-1073741824
11 2,-2147483648 -1073741824 -1073741824,-1073741824
11 2,1073741824 0 0,-1073741824
11 2,-2147483648 -1073741824 0,-1073741824
11 2,1073741824 0 -1073741824,0
11 2,-1073741824 -1073741824 1073741824,-1073741824
11 2,0 1073741824 0,-1073741824
11 2,-1073741824 1073741824 -1073741824,1073741824
11 2,-2147483648 0 1073741824,-1073741824;-2147483648
11 2,1073741824 -1073741824 -2147483648,-1073741824
11 2,0 -2147483648 -2147483648,-1073741824;-2147483648
11 2,1073741824 -1073741824 -1073741824,-1073741824
11 2,-2147483648 0 -2147483648,1073741824;0
11 2,1073741824 -2147483648 1073741824,-1073741824;-2147483648
11 2,-2147483648 -1073741824 -2147483648,-1073741824
11 2,-2147483648 1073741824 0,-1073741824
11 2,1073741824 1073741824 1073741824,-1073741824
11 2,0 1073741824 -1073741824,1073741824
11 2,-2147483648 -2147483648 -2147483648,-1073741824;-2147483648
11 2,-1073741824 -2147483648 -2147483648,-1073741824;-2147483648
11 2,-2147483648 -2147483648 -1073741824,-2147483648
11 2,1073741824 -2147483648 0,-1073741824
11 2,-2147483648 -2147483648 0,-1073741824
11 2,-1073741824 -2147483648 0,-1073741824
11 2,1073741824 -2147483648 -2147483648,-1073741824;-2147483648
11 2,0 1073741824 -2147483648,1073741824
11 2,-1073741824 0 -1073741824,0
11 2,1073741824 1073741824 0,-1073741824
11 2,0 0 0,-1073741824
11 2,1073741824 -2147483648 -1073741824,-2147483648
11 2,0 -1073741824 -2147483648,-1073741824
11 2,-1073741824 0 1073741824,-1073741824;-2147483648
11 2,-2147483648 1073741824 1073741824,-1073741824
11 2,-1073741824 -1073741824 -1073741824,-1073741824
11 2,0 -2147483648 1073741824,-1073741824;-2147483648
11 2,-1073741824 1073741824 0,-1073741824
11 2,0 0 -1073741824,0
11 2,-2147483648 1073741824 -2147483648,1073741824
11 2,-1073741824 1073741824 -2147483648,1073741824
11 2,-2147483648 1073741824 -1073741824,1073741824
11 2,-1073741824 0 0,-1073741824
11 2,0 -1073741824 0,-1073741824
11 3,1073741824 0 -2147483648,-1073741824;-2147483648;1073741824;0
11 3,0 -1073741824 -1073741824,-1073741824
11 3,-1073741824 -2147483648 1073741824,-1073741824;-2147483648
11 3,0 -2147483648 0,-1073741824;-2147483648
11 3,-1073741824 -1073741824 -2147483648,-1073741824
11 3,1073741824 0 1073741824,-1073741824;-2147483648;1073741824;0
11 3,-2147483648 -2147483648 1073741824,-1073741824;-2147483648
11 3,1073741824 1073741824 -1073741824,-1073741824;1073741824
11 3,1073741824 -1073741824 0,-1073741824
11 3,0 0 1073741824,-1073741824;-2147483648;1073741824;0
11 3,-1073741824 -2147483648 -1073741824,-1073741824;-2147483648
11 3,-2147483648 0 0,#t
11 3,-1073741824 0 -2147483648,-1073741824;-2147483648;1073741824;0
11 3,-2147483648 -1073741824 1073741824,-1073741824
11 3,0 1073741824 1073741824,-1073741824;1073741824
11 3,-1073741824 -1073741824 0,-1073741824
11 3,-2147483648 0 -1073741824,-1073741824;-2147483648;1073741824;0
11 3,0 -1073741824 1073741824,-1073741824
11 3,1073741824 -1073741824 1073741824,-1073741824
11 3,0 -2147483648 -1073741824,-1073741824;-2147483648
11 3,1073741824 1073741824 -2147483648,-1073741824;1073741824
11 3,0 0 -2147483648,-1073741824;-2147483648;1073741824;0
11 3,-1073741824 1073741824 1073741824,-1073741824;1073741824
11 3,-2147483648 -1073741824 -1073741824,-1073741824
11 3,1073741824 0 0,#t
11 3,-2147483648 -1073741824 0,-1073741824
11 3,1073741824 0 -1073741824,-1073741824;-2147483648;1073741824;0
11 3,-1073741824 -1073741824 1073741824,-1073741824
11 3,0 1073741824 0,-1073741824;1073741824
11 3,-1073741824 1073741824 -1073741824,-1073741824;1073741824
11 3,-2147483648 0 1073741824,-1073741824;-2147483648;1073741824;0
11 3,1073741824 -1073741824 -2147483648,-1073741824
11 3,0 -2147483648 -2147483648,-1073741824;-2147483648
11 3,1073741824 -1073741824 -1073741824,-1073741824
11 3,-2147483648 0 -2147483648,-1073741824;-2147483648;1073741824;0
11 3,1073741824 -2147483648 1073741824,-1073741824;-2147483648
11 3,-2147483648 -1073741824 -2147483648,-1073741824
11 3,-2147483648 1073741824 0,-1073741824;1073741824
11 3,1073741824 1073741824 1073741824,-1073741824;1073741824
11 3,0 1073741824 -1073741824,-1073741824;1073741824
11 3,-2147483648 -2147483648 -2147483648,-1073741824;-2147483648
11 3,-1073741824 -2147483648 -2147483648,-1073741824;-2147483648
11 3,-2147483648 -2147483648 -1073741824,-1073741824;-2147483648
11 3,1073741824 -2147483648 0,-1073741824;-2147483648
11 3,-2147483648 -2147483648 0,-1073741824;-2147483648
11 3,-1073741824 -2147483648 0,-1073741824;-2147483648
11 3,1073741824 -2147483648 -2147483648,-1073741824;-2147483648
11 3,0 1073741824 -2147483648,-1073741824;1073741824
11 3,-1073741824 0 -1073741824,-1073741824;-2147483648;1073741824;0
11 3,1073741824 1073741824 0,-1073741824;1073741824
11 3,0 0 0,#t
11 3,1073741824 -2147483648 -1073741824,-1073741824;-2147483648
11 3,0 -1073741824 -2147483648,-1073741824
11 3,-1073741824 0 1073741824,-1073741824;-2147483648;1073741824;0
11 3,-2147483648 1073741824 1073741824,-1073741824;1073741824
11 3,-1073741824 -1073741824 -1073741824,-1073741824
11 3,0 -2147483648 1073741824,-1073741824;-2147483648
11 3,-1073741824 1073741824 0,-1073741824;1073741824
11 3,0 0 -1073741824,-1073741824;-2147483648;1073741824;0
11 3,-2147483648 1073741824 -2147483648,-1073741824;1073741824
11 3,-1073741824 1073741824 -2147483648,-1073741824;1073741824
11 3,-2147483648 1073741824 -1073741824,-1073741824;1073741824
11 3,-1073741824 0 0,#t
11 3,0 -1073741824 0,-1073741824
11 4,1073741824 0 -2147483648,-1073741824;-2147483648;1073741824
11 4,0 -1073741824 -1073741824,-1073741824
11 4,-1073741824 -2147483648 1073741824,-1073741824;-2147483648
11 4,0 -2147483648 0,-1073741824
11 4,-1073741824 -1073741824 -2147483648,-1073741824
11 4,1073741824 0 1073741824,-1073741824;-2147483648
11 4,-2147483648 -2147483648 1073741824,-1073741824;-2147483648
11 4,1073741824 1073741824 -1073741824,-1073741824;1073741824
11 4,1073741824 -1073741824 0,-1073741824
11 4,0 0 1073741824,-1073741824;-2147483648
11 4,-1073741824 -2147483648 -1073741824,-1073741824;-2147483648
11 4,-2147483648 0 0,-1073741824
11 4,-1073741824 0 -2147483648,-1073741824;-2147483648;1073741824
11 4,-2147483648 -1073741824 1073741824,-1073741824
11 4,0 1073741824 1073741824,-1073741824
11 4,-1073741824 -1073741824 0,-1073741824
11 4,-2147483648 0 -1073741824,-1073741824;-2147483648;0
11 4,0 -1073741824 1073741824,-1073741824
11 4,1073741824 -1073741824 1073741824,-1073741824
11 4,0 -2147483648 -1073741824,-1073741824;-2147483648
11 4,1073741824 1073741824 -2147483648,-1073741824;1073741824
11 4,0 0 -2147483648,-1073741824;-2147483648;1073741824
11 4,-1073741824 1073741824 1073741824,-1073741824
11 4,-2147483648 -1073741824 -1073741824,-1073741824
11 4,1073741824 0 0,-1073741824
11 4,-2147483648 -1073741824 0,-1073741824
11 4,1073741824 0 -1073741824,-1073741824;-2147483648;0
11 4,-1073741824 -1073741824 1073741824,-1073741824
11 4,0 1073741824 0,-1073741824
11 4,-1073741824 1073741824 -1073741824,-1073741824;1073741824
11 4,-2147483648 0 1073741824,-1073741824;-2147483648
11 4,1073741824 -1073741824 -2147483648,-1073741824
11 4,0 -2147483648 -2147483648,-1073741824;-2147483648
11 4,1073741824 -1073741824 -1073741824,-1073741824
11 4,-2147483648 0 -2147483648,-1073741824;-2147483648;1073741824
11 4,1073741824 -2147483648 1073741824,-1073741824;-2147483648
11 4,-2147483648 -1073741824 -2147483648,-1073741824
11 4,-2147483648 1073741824 0,-1073741824
11 4,1073741824 1073741824 1073741824,-1073741824
11 4,0 1073741824 -1073741824,-1073741824;1073741824
11 4,-2147483648 -2147483648 -2147483648,-1073741824;-2147483648
11 4,-1073741824 -2147483648 -2147483648,-1073741824;-2147483648
11 4,-2147483648 -2147483648 -1073741824,-1073741824;-2147483648
11 4,1073741824 -2147483648 0,-1073741824
11 4,-2147483648 -2147483648 0,-1073741824
11 4,-1073741824 -2147483648 0,-1073741824
11 4,1073741824 -2147483648 -2147483648,-1073741824;-2147483648
11 4,0 1073741824 -2147483648,-1073741824;1073741824
11 4,-1073741824 0 -1073741824,-1073741824;-2147483648;0
11 4,1073741824 1073741824 0,-1073741824
11 4,0 0 0,-1073741824
11 4,1073741824 -2147483648 -1073741824,-1073741824;-2147483648
11 4,0 -1073741824 -2147483648,-1073741824
11 4,-1073741824 0 1073741824,-1073741824;-2147483648
11 4,-2147483648 1073741824 1073741824,-1073741824
11 4,-1073741824 -1073741824 -1073741824,-1073741824
11 4,0 -2147483648 1073741824,-1073741824;-2147483648
11 4,-1073741824 1073741824 0,-1073741824
11 4,0 0 -1073741824,-1073741824;-2147483648;0
11 4,-2147483648 1073741824 -2147483648,-1073741824;1073741824
11 4,-1073741824 1073741824 -2147483648,-1073741824;1073741824
11 4,-2147483648 1073741824 -1073741824,-1073741824;1073741824
11 4,-1073741824 0 0,-1073741824
11 4,0 -1073741824 0,-1073741824
17 2,-1073741824 -2147483648,-1073741824;-2147483648
17 2,-2147483648 -2147483648,-1073741824;-2147483648
17 2,1073741824 -2147483648,-1073741824;-2147483648
17 2,0 -2147483648,-1073741824;-2147483648
17 2,-1073741824 1073741824,1073741824;0
17 2,-2147483648 1073741824,1073741824;0
17 2,-1073741824 0,0
17 2,-2147483648 0,0
17 2,1073741824 0,0
17 2,0 0,0
17 2,1073741824 1073741824,1073741824;0
17 2,0 1073741824,1073741824;0
17 2,-1073741824 -1073741824,-1073741824
17 2,-2147483648 -1073741824,-1073741824
17 2,1073741824 -1073741824,-1073741824
17 2,0 -1073741824,-1073741824
17 3,-1073741824 -2147483648,#t
17 3,-2147483648 -2147483648,#t
17 3,1073741824 -2147483648,#t
17 3,0 -2147483648,#t
17 3,-1073741824 1073741824,#t
17 3,-2147483648 1073741824,#t
17 3,-1073741824 0,#t
17 3,-2147483648 0,#t
17 3,1073741824 0,#t
17 3,0 0,#t
17 3,1073741824 1073741824,#t
17 3,0 1073741824,#t
17 3,-1073741824 -1073741824,#t
17 3,-2147483648 -1073741824,#t
17 3,1073741824 -1073741824,#t
17 3,0 -1073741824,#t
17 4,-1073741824 -2147483648,-2147483648;1073741824;0
17 4,-2147483648 -2147483648,-2147483648;1073741824;0
17 4,1073741824 -2147483648,-2147483648;1073741824;0
17 4,0 -2147483648,-2147483648;1073741824;0
17 4,-1073741824 1073741824,1073741824;0
17 4,-2147483648 1073741824,1073741824;0
17 4,-1073741824 0,0
17 4,-2147483648 0,0
17 4,1073741824 0,0
17 4,0 0,0
17 4,1073741824 1073741824,1073741824;0
17 4,0 1073741824,1073741824;0
17 4,-1073741824 -1073741824,-1073741824;1073741824;0
17 4,-2147483648 -1073741824,-1073741824;1073741824;0
17 4,1073741824 -1073741824,-1073741824;1073741824;0
17 4,0 -1073741824,-1073741824;1073741824;0
18 2,-1073741824 -2147483648,1073741824;0
18 2,-2147483648 -2147483648,1073741824;0
18 2,1073741824 -2147483648,1073741824;0
18 2,0 -2147483648,1073741824;0
18 2,-1073741824 1073741824,-1073741824;-2147483648
18 2,-2147483648 1073741824,-1073741824;-2147483648
18 2,-1073741824 0,-1073741824
18 2,-2147483648 0,-1073741824
18 2,1073741824 0,-1073741824
18 2,0 0,-1073741824
18 2,1073741824 1073741824,-1073741824;-2147483648
18 2,0 1073741824,-1073741824;-2147483648
18 2,-1073741824 -1073741824,0
18 2,-2147483648 -1073741824,0
18 2,1073741824 -1073741824,0
18 2,0 -1073741824,0
18 3,-1073741824 -2147483648,#t
18 3,-2147483648 -2147483648,#t
18 3,1073741824 -2147483648,#t
18 3,0 -2147483648,#t
18 3,-1073741824 1073741824,#t
18 3,-2147483648 1073741824,#t
18 3,-1073741824 0,#t
18 3,-2147483648 0,#t
18 3,1073741824 0,#t
18 3,0 0,#t
18 3,1073741824 1073741824,#t
18 3,0 1073741824,#t
18 3,-1073741824 -1073741824,#t
18 3,-2147483648 -1073741824,#t
18 3,1073741824 -1073741824,#t
18 3,0 -1073741824,#t
18 4,-1073741824 -2147483648,-1073741824;-2147483648;1073741824
18 4,-2147483648 -2147483648,-1073741824;-2147483648;1073741824
18 4,1073741824 -2147483648,-1073741824;-2147483648;1073741824
18 4,0 -2147483648,-1073741824;-2147483648;1073741824
18 4,-1073741824 1073741824,-1073741824;-2147483648
18 4,-2147483648 1073741824,-1073741824;-2147483648
18 4,-1073741824 0,-1073741824
18 4,-2147483648 0,-1073741824
18 4,1073741824 0,-1073741824
18 4,0 0,-1073741824
18 4,1073741824 1073741824,-1073741824;-2147483648
18 4,0 1073741824,-1073741824;-2147483648
18 4,-1073741824 -1073741824,-1073741824;-2147483648;0
18 4,-2147483648 -1073741824,-1073741824;-2147483648;0
18 4,1073741824 -1073741824,-1073741824;-2147483648;0
18 4,0 -1073741824,-1073741824;-2147483648;0
23 0,0,#t
23 0,-1073741824,#t
23 0,-2147483648,#t
23 0,1073741824,#t
24 0,0,#t
24 0,-1073741824,#t
24 0,-2147483648,#t
24 0,1073741824,#t
25 0,0,-1073741824;0
25 0,-1073741824,-1073741824;0
25 0,-2147483648,-1073741824;0
25 0,1073741824,-1073741824;0
26 0,0,#t
26 0,-1073741824,#t
26 0,-2147483648,#t
26 0,1073741824,#t
27 0,-1073741824 -2147483648,-1073741824
27 0,-2147483648 -2147483648,-1073741824;-2147483648
27 0,1073741824 -2147483648,1073741824;0
27 0,0 -2147483648,0
27 0,-1073741824 1073741824,-1073741824
27 0,-2147483648 1073741824,-1073741824;-2147483648
27 0,-1073741824 0,-1073741824
27 0,-2147483648 0,-1073741824;-2147483648
27 0,1073741824 0,1073741824;0
27 0,0 0,0
27 0,1073741824 1073741824,1073741824;0
27 0,0 1073741824,0
27 0,-1073741824 -1073741824,-1073741824
27 0,-2147483648 -1073741824,-1073741824;-2147483648
27 0,1073741824 -1073741824,1073741824;0
27 0,0 -1073741824,0
28 0,-1073741824 -2147483648,#t
28 0,-2147483648 -2147483648,#t
28 0,1073741824 -2147483648,#t
28 0,0 -2147483648,#t
28 0,-1073741824 1073741824,#t
28 0,-2147483648 1073741824,#t
28 0,-1073741824 0,#t
28 0,-2147483648 0,#t
28 0,1073741824 0,#t
28 0,0 0,#t
28 0,1073741824 1073741824,#t
28 0,0 1073741824,#t
28 0,-1073741824 -1073741824,#t
28 0,-2147483648 -1073741824,#t
28 0,1073741824 -1073741824,#t
28 0,0 -1073741824,#t
29 0,-1073741824 -2147483648,-1073741824;1073741824;0
29 0,-2147483648 -2147483648,-2147483648;1073741824;0
29 0,1073741824 -2147483648,1073741824;0
29 0,0 -2147483648,0
29 0,-1073741824 1073741824,-1073741824;1073741824;0
29 0,-2147483648 1073741824,-2147483648;1073741824;0
29 0,-1073741824 0,-1073741824;1073741824;0
29 0,-2147483648 0,-2147483648;1073741824;0
29 0,1073741824 0,1073741824;0
29 0,0 0,0
29 0,1073741824 1073741824,1073741824;0
29 0,0 1073741824,0
29 0,-1073741824 -1073741824,-1073741824;1073741824;0
29 0,-2147483648 -1073741824,-2147483648;1073741824;0
29 0,1073741824 -1073741824,1073741824;0
29 0,0 -1073741824,0
41 0,-1073741824 -2147483648,0
41 0,-2147483648 -2147483648,0
41 0,1073741824 -2147483648,-1073741824;0
41 0,0 -2147483648,0
41 0,-1073741824 1073741824,-1073741824;0
41 0,-2147483648 1073741824,-1073741824;0
41 0,-1073741824 0,-1073741824;0
41 0,-2147483648 0,-1073741824;-2147483648
41 0,1073741824 0,1073741824;0
41 0,0 0,0
41 0,1073741824 1073741824,0
41 0,0 1073741824,0
41 0,-1073741824 -1073741824,1073741824;0
41 0,-2147483648 -1073741824,-2147483648;1073741824;0
41 0,1073741824 -1073741824,-1073741824;-2147483648
41 0,0 -1073741824,-1073741824;0
42 0,-1073741824 -2147483648,0
42 0,-2147483648 -2147483648,0
42 0,1073741824 -2147483648,0
42 0,0 -2147483648,0
42 0,-1073741824 1073741824,0
42 0,-2147483648 1073741824,0
42 0,-1073741824 0,-1073741824;1073741824;0
42 0,-2147483648 0,-2147483648;1073741824;0
42 0,1073741824 0,1073741824;0
42 0,0 0,0
42 0,1073741824 1073741824,0
42 0,0 1073741824,0
42 0,-1073741824 -1073741824,0
42 0,-2147483648 -1073741824,0
42 0,1073741824 -1073741824,0
42 0,0 -1073741824,0
48 0 0 1,0,-1073741824;0
48 0 0 1,-1073741824,-1073741824;0
48 0 0 1,-2147483648,-1073741824;0
48 0 0 1,1073741824,-1073741824;0
48 0 1 1,0,-1073741824;0
48 0 1 1,-1073741824,-1073741824;0
48 0 1 1,-2147483648,-1073741824;0
48 0 1 1,1073741824,-1073741824;0
49 0 0 1,0,0
49 0 0 1,-1073741824,0
49 0 0 1,-2147483648,0
49 0 0 1,1073741824,0
49 0 1 1,0,0
49 0 1 1,-1073741824,0
49 0 1 1,-2147483648,0
49 0 1 1,1073741824,0
50 0,0,0
50 0,-1073741824,0
50 0,-2147483648,0
50 0,1073741824,0
